{"name": "地名消歧义", "id": 307972, "predecessors": [{"name": "地名", "id": 1579692}], "successors": [{"name": "二字地名消歧义", "id": 470942}, {"name": "三字地名消歧义", "id": 471265}, {"name": "四字地名消歧义", "id": 472049}, {"name": "五字地名消歧义", "id": 472590}, {"name": "六字地名消歧义", "id": 660193}, {"name": "七字地名消歧义", "id": 660204}, {"name": "八字以上地名消歧義", "id": 5484408}, {"name": "亞洲地名消歧義", "id": 6329003}, {"name": "法国地名消歧义", "id": 6133501}, {"name": "四字县名消歧义", "id": 1417227}, {"name": "三字县名消歧义", "id": 1417883}, {"name": "五字县名消歧义", "id": 1417895}, {"name": "六字县名消歧义", "id": 1417912}, {"name": "中国府名消歧义", "id": 3638044}, {"name": "三字郡名消歧义", "id": 3712453}, {"name": "二字州名消歧义", "id": 3783150}, {"name": "三字省名消歧义", "id": 6394412}, {"name": "三字中国省名消歧义", "id": 6394414}, {"name": "三字区名消歧义", "id": 3654151}, {"name": "三字乡名消歧义", "id": 3638019}, {"name": "五字中国乡名消歧义", "id": 4675484}, {"name": "三字村名消歧义", "id": 3638037}, {"name": "三字中国村名消歧义", "id": 1312999}, {"name": "八字以上地名译名消歧义", "id": 7566773}, {"name": "五字地名译名消歧义", "id": 7566779}, {"name": "二字地名译名消歧义", "id": 7566826}, {"name": "七字地名译名消歧义", "id": 7566846}, {"name": "六字地名译名消歧义", "id": 7566864}, {"name": "三字地名译名消歧义", "id": 7566881}, {"name": "四字地名译名消歧义", "id": 7566892}, {"name": "鎮區名稱消歧義", "id": 5700442}, {"name": "七字行政区译名消歧义", "id": 7566753}, {"name": "六字行政区译名消歧义", "id": 7566758}, {"name": "八字以上行政区译名消歧义", "id": 7566771}, {"name": "五字行政区译名消歧义", "id": 7566778}, {"name": "四字行政区译名消歧义", "id": 7566894}, {"name": "三字行政区译名消歧义", "id": 7567067}, {"name": "三字河名消歧义", "id": 6082635}, {"name": "二字河名消歧义", "id": 7129997}, {"name": "四字河名消歧义", "id": 8098124}]}