{"name": "Incorporated_cities_and_towns_in_California", "id": 30852960, "predecessors": [{"name": "Local_government_in_California", "id": 23006524}], "successors": [{"name": "Fremont,_California", "id": 815187}, {"name": "Cupertino,_California", "id": 924882}, {"name": "Newport_Beach,_California", "id": 1145434}, {"name": "Oakland,_California", "id": 1335439}, {"name": "Milpitas,_California", "id": 1574951}, {"name": "Santa_Clara,_California", "id": 1681101}, {"name": "San_Francisco", "id": 1732002}, {"name": "Los_Angeles", "id": 1732034}, {"name": "Modesto,_California", "id": 1833393}, {"name": "Anaheim,_California", "id": 2367841}, {"name": "Fullerton,_California", "id": 2370615}, {"name": "Santa_Ana,_California", "id": 2370777}, {"name": "Irvine,_California", "id": 2373049}, {"name": "San_Diego", "id": 2480151}, {"name": "Pasadena,_California", "id": 2717989}, {"name": "Long_Beach,_California", "id": 2806770}, {"name": "Fresno,_California", "id": 2894761}, {"name": "Santa_Barbara,_California", "id": 3030167}, {"name": "Sacramento,_California", "id": 3187220}, {"name": "Beverly_Hills,_California", "id": 3333198}, {"name": "Santa_Monica,_California", "id": 3334322}, {"name": "Alameda,_California", "id": 3367029}, {"name": "Folsom,_California", "id": 3367057}, {"name": "Huntington_Beach,_California", "id": 3704121}, {"name": "South_Pasadena,_California", "id": 3942230}, {"name": "Garden_Grove,_California", "id": 3953537}, {"name": "Palo_Alto,_California", "id": 4636949}, {"name": "Tustin,_California", "id": 4667466}, {"name": "Mountain_View,_California", "id": 4787093}, {"name": "Emeryville,_California", "id": 5351652}, {"name": "Hanford,_California", "id": 5551687}, {"name": "Chico,_California", "id": 5560178}, {"name": "Madera,_California", "id": 5560808}, {"name": "Merced,_California", "id": 5560866}, {"name": "El_Centro,_California", "id": 5560905}, {"name": "Napa,_California", "id": 5561132}, {"name": "Oxnard,_California", "id": 5561176}, {"name": "Redding,_California", "id": 5561247}, {"name": "Salinas,_California", "id": 5561317}, {"name": "San_Luis_Obispo,_California", "id": 5561391}, {"name": "Santa_Cruz,_California", "id": 5561651}, {"name": "Santa_Rosa,_California", "id": 5561710}, {"name": "Stockton,_California", "id": 5561760}, {"name": "Vallejo,_California", "id": 5561789}, {"name": "Visalia,_California", "id": 5561844}, {"name": "Yuba_City,_California", "id": 5561897}, {"name": "Pomona,_California", "id": 5982354}, {"name": "Whittier,_California", "id": 6337458}, {"name": "Richmond,_California", "id": 6717870}, {"name": "Livermore,_California", "id": 7585908}, {"name": "Orange,_California", "id": 7619796}, {"name": "Cerritos,_California", "id": 7635719}, {"name": "Oroville,_California", "id": 8448895}, {"name": "Citrus_Heights,_California", "id": 8559495}, {"name": "Camarillo,_California", "id": 8776593}, {"name": "Ventura,_California", "id": 8776818}, {"name": "Cities_in_the_San_Francisco_Bay_Area", "id": 9046602}, {"name": "Paradise,_California", "id": 9277847}, {"name": "Burlingame,_California", "id": 9528796}, {"name": "Histories_of_cities_in_California", "id": 9571148}, {"name": "Albany,_California", "id": 9699557}, {"name": "Los_Gatos,_California", "id": 10009070}, {"name": "Maywood,_California", "id": 11598196}, {"name": "San_Bernardino,_California", "id": 12075455}, {"name": "Union_City,_California", "id": 12360891}, {"name": "San_Pablo,_California", "id": 12573573}, {"name": "South_San_Francisco,_California", "id": 12649114}, {"name": "Concord,_California", "id": 12801777}, {"name": "Pleasanton,_California", "id": 12888783}, {"name": "Hercules,_California", "id": 12901419}, {"name": "El_Cerrito,_California", "id": 12901702}, {"name": "Pacifica,_California", "id": 12913499}, {"name": "Saratoga,_California", "id": 14052121}, {"name": "Eureka,_California", "id": 14256469}, {"name": "Davis,_California", "id": 14262084}, {"name": "South_Gate,_California", "id": 14294689}, {"name": "Yucca_Valley,_California", "id": 14617365}, {"name": "Martinez,_California", "id": 15286826}, {"name": "Lake_Forest,_California", "id": 15320168}, {"name": "San_Leandro,_California", "id": 15403938}, {"name": "Palmdale,_California", "id": 15505731}, {"name": "Walnut_Creek,_California", "id": 17188408}, {"name": "Costa_Mesa,_California", "id": 17954458}, {"name": "Healdsburg,_California", "id": 18098813}, {"name": "Burbank,_California", "id": 18903634}, {"name": "Santa_Maria,_California", "id": 19563949}, {"name": "Inglewood,_California", "id": 19927381}, {"name": "San_Juan_Bautista,_California", "id": 20030142}, {"name": "Torrance,_California", "id": 20167311}, {"name": "Redlands,_California", "id": 20246963}, {"name": "Pinole,_California", "id": 21454948}, {"name": "Lafayette,_California", "id": 21630056}, {"name": "Antioch,_California", "id": 21630147}, {"name": "Brisbane,_California", "id": 21727534}, {"name": "Buena_Park,_California", "id": 22469940}, {"name": "Arroyo_Grande,_California", "id": 22476276}, {"name": "South_Lake_Tahoe,_California", "id": 22707626}, {"name": "Clovis,_California", "id": 22776210}, {"name": "San_Juan_Capistrano,_California", "id": 23100164}, {"name": "Daly_City,_California", "id": 23329861}, {"name": "Malibu,_California", "id": 23633155}, {"name": "Sonoma,_California", "id": 23782199}, {"name": "Sunnyvale,_California", "id": 23934155}, {"name": "Palm_Springs,_California", "id": 24440495}, {"name": "Palm_Desert,_California", "id": 24440562}, {"name": "Temecula,_California", "id": 24451826}, {"name": "Perris,_California", "id": 24451963}, {"name": "Moreno_Valley,_California", "id": 24637741}, {"name": "Chino,_California", "id": 24995314}, {"name": "Chino_Hills,_California", "id": 24995472}, {"name": "Ontario,_California", "id": 24995484}, {"name": "Rancho_Cucamonga,_California", "id": 24995867}, {"name": "Fontana,_California", "id": 24996105}, {"name": "Grass_Valley,_California", "id": 25173984}, {"name": "Truckee,_California", "id": 25174315}, {"name": "Hemet,_California", "id": 26282696}, {"name": "Banning,_California", "id": 26454456}, {"name": "Blythe,_California", "id": 26531802}, {"name": "Lake_Elsinore,_California", "id": 26554947}, {"name": "Cathedral_City,_California", "id": 26557098}, {"name": "Loma_Linda,_California", "id": 26657589}, {"name": "Indio,_California", "id": 26783042}, {"name": "Coachella,_California", "id": 26993695}, {"name": "Corona,_California", "id": 27440295}, {"name": "Desert_Hot_Springs,_California", "id": 27609761}, {"name": "Turlock,_California", "id": 28132977}, {"name": "Bell,_California", "id": 28157185}, {"name": "Simi_Valley,_California", "id": 28436627}, {"name": "La_Mirada,_California", "id": 28479426}, {"name": "West_Hollywood,_California", "id": 29349195}, {"name": "Escondido,_California", "id": 29361179}, {"name": "Culver_City,_California", "id": 29622882}, {"name": "Arcata,_California", "id": 29881659}, {"name": "Sebastopol,_California", "id": 29959247}, {"name": "Pittsburg,_California", "id": 30002093}, {"name": "Tracy,_California", "id": 30328594}, {"name": "Monterey,_California", "id": 30556580}, {"name": "Larkspur,_California", "id": 30607328}, {"name": "Benicia,_California", "id": 31525334}, {"name": "Watsonville,_California", "id": 31946422}, {"name": "Jurupa_Valley,_California", "id": 31983250}, {"name": "San_Bruno,_California", "id": 32055794}, {"name": "Encinitas,_California", "id": 32068035}, {"name": "Menlo_Park,_California", "id": 32112279}, {"name": "San_Mateo,_California", "id": 32347997}, {"name": "Redwood_City,_California", "id": 32490858}, {"name": "Rancho_Mirage,_California", "id": 32840576}, {"name": "San_Gabriel,_California", "id": 33561445}, {"name": "Needles,_California", "id": 34805765}, {"name": "Woodside,_California", "id": 35232036}, {"name": "Lodi,_California", "id": 35928598}, {"name": "Porterville,_California", "id": 35964896}, {"name": "Redondo_Beach,_California", "id": 35968263}, {"name": "Rialto,_California", "id": 36171377}, {"name": "El_Cajon,_California", "id": 36502711}, {"name": "Chula_Vista,_California", "id": 36517313}, {"name": "Tiburon,_California", "id": 36536850}, {"name": "Dublin,_California", "id": 36766046}, {"name": "Newark,_California", "id": 36766200}, {"name": "Petaluma,_California", "id": 36813426}, {"name": "Rohnert_Park,_California", "id": 36821476}, {"name": "Calabasas,_California", "id": 36848594}, {"name": "Yorba_Linda,_California", "id": 36911916}, {"name": "West_Covina,_California", "id": 36911945}, {"name": "San_Rafael,_California", "id": 36914246}, {"name": "Glendale,_California", "id": 37036747}, {"name": "Santa_Clarita,_California", "id": 37068026}, {"name": "Murrieta,_California", "id": 37086133}, {"name": "Fairfield,_California", "id": 37086590}, {"name": "Carlsbad,_California", "id": 37091537}, {"name": "Norwalk,_California", "id": 37094646}, {"name": "Downey,_California", "id": 37095811}, {"name": "El_Monte,_California", "id": 37104529}, {"name": "Victorville,_California", "id": 37114198}, {"name": "Roseville,_California", "id": 37143714}, {"name": "Elk_Grove,_California", "id": 37146741}, {"name": "Oceanside,_California", "id": 37155648}, {"name": "Mission_Viejo,_California", "id": 37164900}, {"name": "Vista,_California", "id": 37167988}, {"name": "Compton,_California", "id": 37168165}, {"name": "Carson,_California", "id": 37180997}, {"name": "Vacaville,_California", "id": 37191235}, {"name": "Hesperia,_California", "id": 37239078}, {"name": "Westminster,_California", "id": 37240375}, {"name": "San_Marcos,_California", "id": 37248650}, {"name": "Hawthorne,_California", "id": 37250076}, {"name": "Mill_Valley,_California", "id": 37256701}, {"name": "Novato,_California", "id": 37256801}, {"name": "Alhambra,_California", "id": 37257720}, {"name": "Lakewood,_California", "id": 37258092}, {"name": "California_city_councils", "id": 37840937}, {"name": "Upland,_California", "id": 38417743}, {"name": "Woodland,_California", "id": 38462483}, {"name": "Montebello,_California", "id": 38794501}, {"name": "Manhattan_Beach,_California", "id": 38819000}, {"name": "Morgan_Hill,_California", "id": 39227140}, {"name": "Campbell,_California", "id": 39337619}, {"name": "City_of_Industry,_California", "id": 39337707}, {"name": "Pacific_Grove,_California", "id": 39394402}, {"name": "Carmel-by-the-Sea,_California", "id": 39394427}, {"name": "Gilroy,_California", "id": 39471797}, {"name": "Lompoc,_California", "id": 39615321}, {"name": "San_Ramon,_California", "id": 39932096}, {"name": "Solvang,_California", "id": 40049962}, {"name": "San_Dimas,_California", "id": 40053252}, {"name": "Danville,_California", "id": 40140449}, {"name": "Sausalito,_California", "id": 41052809}, {"name": "Lemoore,_California", "id": 41234895}, {"name": "San_Marino,_California", "id": 41343099}, {"name": "Ukiah,_California", "id": 41583772}, {"name": "La_Cañada_Flintridge,_California", "id": 41971865}, {"name": "San_Fernando,_California", "id": 41981731}, {"name": "Claremont,_California", "id": 42405536}, {"name": "Arcadia,_California", "id": 43286861}, {"name": "Monrovia,_California", "id": 43293224}, {"name": "Azusa,_California", "id": 43308006}, {"name": "Sierra_Madre,_California", "id": 43318063}, {"name": "Glendora,_California", "id": 43318615}, {"name": "Paso_Robles,_California", "id": 43369719}, {"name": "Imperial_Beach,_California", "id": 43602804}, {"name": "Gardena,_California", "id": 43624177}, {"name": "St._Helena,_California", "id": 43675013}, {"name": "Monterey_Park,_California", "id": 43836711}, {"name": "Portola_Valley,_California", "id": 44202263}, {"name": "Duarte,_California", "id": 44202271}, {"name": "Cities_in_Sacramento_metropolitan_area", "id": 44597823}, {"name": "Ridgecrest,_California", "id": 46632478}, {"name": "Crescent_City,_California", "id": 47027551}, {"name": "Lakeport,_California", "id": 47027796}, {"name": "Huntington_Park,_California", "id": 47106531}, {"name": "Hermosa_Beach,_California", "id": 47108049}, {"name": "Poway,_California", "id": 47191256}, {"name": "Santee,_California", "id": 47192263}, {"name": "La_Mesa,_California", "id": 47192545}, {"name": "Pico_Rivera,_California", "id": 47304224}, {"name": "Ojai,_California", "id": 47322924}, {"name": "Westlake_Village,_California", "id": 47323404}, {"name": "Agoura_Hills,_California", "id": 47323580}, {"name": "Moorpark,_California", "id": 47323736}, {"name": "Pleasant_Hill,_California", "id": 47339589}, {"name": "Vernon,_California", "id": 47377576}, {"name": "Covina,_California", "id": 47385692}, {"name": "La_Puente,_California", "id": 47389027}, {"name": "Rosemead,_California", "id": 47389270}, {"name": "Bellflower,_California", "id": 47389565}, {"name": "Paramount,_California", "id": 47389865}, {"name": "Santa_Fe_Springs,_California", "id": 47390122}, {"name": "Cypress,_California", "id": 47390351}, {"name": "Commerce,_California", "id": 47390409}, {"name": "Diamond_Bar,_California", "id": 47390574}, {"name": "Lynwood,_California", "id": 47390715}, {"name": "Walnut,_California", "id": 47390783}, {"name": "Lawndale,_California", "id": 47396604}, {"name": "El_Segundo,_California", "id": 47397411}, {"name": "La_Verne,_California", "id": 47436194}, {"name": "Corte_Madera,_California", "id": 47439961}, {"name": "Santa_Paula,_California", "id": 47442021}, {"name": "Goleta,_California", "id": 47443071}, {"name": "San_Anselmo,_California", "id": 47443805}, {"name": "Laguna_Beach,_California", "id": 47869519}, {"name": "Dana_Point,_California", "id": 47869679}, {"name": "Red_Bluff,_California", "id": 47904312}, {"name": "Marysville,_California", "id": 47904603}, {"name": "Rancho_Cordova,_California", "id": 47904949}, {"name": "Willows,_California", "id": 47905086}, {"name": "Coalinga,_California", "id": 47905512}, {"name": "Gridley,_California", "id": 47943198}, {"name": "Fountain_Valley,_California", "id": 48317767}, {"name": "La_Habra,_California", "id": 48320347}, {"name": "Laguna_Niguel,_California", "id": 48321051}, {"name": "Seal_Beach,_California", "id": 48322206}, {"name": "Carpinteria,_California", "id": 48322362}, {"name": "Barstow,_California", "id": 48670676}, {"name": "Twentynine_Palms,_California", "id": 48670965}, {"name": "Brea,_California", "id": 48717679}, {"name": "Colton,_California", "id": 48735069}, {"name": "Yreka,_California", "id": 48757441}, {"name": "Alturas,_California", "id": 48757835}, {"name": "Placerville,_California", "id": 48758024}, {"name": "Mount_Shasta,_California_(city)", "id": 48758289}, {"name": "Los_Alamitos,_California", "id": 48789417}, {"name": "Montclair,_California", "id": 48815085}, {"name": "Irwindale,_California", "id": 48819620}, {"name": "Yucaipa,_California", "id": 49052497}, {"name": "Millbrae,_California", "id": 49065057}, {"name": "Half_Moon_Bay,_California", "id": 49065225}, {"name": "Calexico,_California", "id": 49185562}, {"name": "Brawley,_California", "id": 49185682}, {"name": "Coronado,_California", "id": 49324442}, {"name": "Del_Mar,_California", "id": 49324961}, {"name": "Solana_Beach,_California", "id": 49325092}, {"name": "National_City,_California", "id": 49328121}, {"name": "Bishop,_California", "id": 49358059}, {"name": "Bell_Gardens,_California", "id": 49788256}, {"name": "Atascadero,_California", "id": 49933576}, {"name": "Los_Banos,_California", "id": 50024311}, {"name": "Sonora,_California", "id": 50048616}, {"name": "Ceres,_California", "id": 50049155}, {"name": "Auburn,_California", "id": 50930412}, {"name": "Los_Altos,_California", "id": 51470128}, {"name": "Orinda,_California", "id": 51472341}, {"name": "Brentwood,_California", "id": 51500728}, {"name": "Placentia,_California", "id": 52271844}, {"name": "Lomita,_California", "id": 53809409}, {"name": "Fillmore,_California", "id": 54154312}, {"name": "Winters,_California", "id": 54176967}, {"name": "West_Sacramento,_California", "id": 54178093}, {"name": "Colfax,_California", "id": 54187350}, {"name": "Signal_Hill,_California", "id": 55670203}, {"name": "Yountville,_California", "id": 55670659}, {"name": "Corcoran,_California", "id": 55728126}, {"name": "Port_cities_in_California", "id": 59184574}, {"name": "La_Quinta,_California", "id": 65563722}, {"name": "Cities_in_Orange_County,_California", "id": 3703412}, {"name": "Cities_in_the_Mojave_Desert", "id": 4065606}, {"name": "Cities_in_San_Diego_County,_California", "id": 19914956}, {"name": "Cities_in_San_Bernardino_County,_California", "id": 19915095}, {"name": "Cities_in_Los_Angeles_County,_California", "id": 22222743}, {"name": "Cities_in_Riverside_County,_California", "id": 24416166}, {"name": "Buildings_and_structures_in_Ferndale,_California", "id": 34116532}, {"name": "People_from_Ferndale,_California", "id": 52383089}, {"name": "People_from_Port_Hueneme,_California", "id": 31959649}, {"name": "People_from_Oakdale,_California", "id": 28844268}, {"name": "People_from_Dixon,_California", "id": 52467418}]}