{"name": "Populated_places_in_China", "id": 33126369, "predecessors": [{"name": "Geography_of_China", "id": 963710}], "successors": [{"name": "Cities_in_China", "id": 955199}, {"name": "Villages_in_China", "id": 6815024}, {"name": "Populated_places_in_Hong_Kong", "id": 27633839}, {"name": "Populated_places_in_Tibet", "id": 27682436}, {"name": "Populated_places_in_Xinjiang", "id": 27684239}, {"name": "Former_populated_places_in_China", "id": 27686887}, {"name": "Populated_places_in_Hainan", "id": 34063124}, {"name": "Populated_places_in_Fujian", "id": 44814977}, {"name": "Cities_in_Sichuan", "id": 1722657}, {"name": "Prefecture-level_divisions_of_Sichuan", "id": 1763154}, {"name": "Populated_places_in_the_Garzê_Tibetan_Autonomous_Prefecture", "id": 27679282}, {"name": "Township-level_divisions_of_Sichuan", "id": 31536923}, {"name": "Cities_in_Yunnan", "id": 60364429}, {"name": "Coloane", "id": 2067454}, {"name": "Macau_Peninsula", "id": 3923002}, {"name": "Cotai", "id": 49373884}, {"name": "Cities_in_Hebei", "id": 1763214}, {"name": "Township-level_divisions_of_Hebei", "id": 31170674}]}