{"name": "Administrative_divisions_by_country", "id": 37426256, "predecessors": [{"name": "Political_geography", "id": 1898464}], "successors": [{"name": "Political_divisions_of_Russia", "id": 739540}, {"name": "Subdivisions_of_Finland", "id": 998224}, {"name": "Administrative_divisions_of_Ukraine", "id": 1056653}, {"name": "Subdivisions_of_France", "id": 1612203}, {"name": "Subdivisions_of_Canada", "id": 1980760}, {"name": "Subdivisions_of_Greece", "id": 1980928}, {"name": "Subdivisions_of_the_Philippines", "id": 1980944}, {"name": "Subdivisions_of_Japan", "id": 1980965}, {"name": "Subdivisions_of_Spain", "id": 1981281}, {"name": "Subdivisions_of_Australia", "id": 1981322}, {"name": "Administrative_divisions_of_Poland", "id": 1985065}, {"name": "Administrative_divisions_of_Portugal", "id": 1985101}, {"name": "Subdivisions_of_Brazil", "id": 1985146}, {"name": "Administrative_divisions_of_India", "id": 1985325}, {"name": "Subdivisions_of_Norway", "id": 1989330}, {"name": "Administrative_divisions_of_Sweden", "id": 1989439}, {"name": "Subdivisions_of_Italy", "id": 1990118}, {"name": "Subdivisions_of_Indonesia", "id": 1990130}, {"name": "Subdivisions_of_Thailand", "id": 2192909}, {"name": "Subdivisions_of_Latvia", "id": 2215591}, {"name": "Subdivisions_of_Mexico", "id": 2369776}, {"name": "Subdivisions_of_the_Netherlands", "id": 3038478}, {"name": "Subdivisions_of_Iran", "id": 3365963}, {"name": "Subdivisions_of_Nepal", "id": 3377462}, {"name": "Subdivisions_of_the_Czech_Republic", "id": 3581014}, {"name": "Subdivisions_of_Iceland", "id": 3893244}, {"name": "Subdivisions_of_Croatia", "id": 4344938}, {"name": "Subdivisions_of_Nigeria", "id": 6329012}, {"name": "Subdivisions_of_Myanmar", "id": 14739061}, {"name": "Subdivisions_of_Saint_Lucia", "id": 23547125}, {"name": "Subdivisions_of_the_Maldives", "id": 24930376}, {"name": "Subdivisions_of_Vietnam", "id": 25451665}, {"name": "Subdivisions_of_South_Sudan", "id": 32350844}, {"name": "Subdivisions_of_Taiwan", "id": 37526940}, {"name": "Subdivisions_of_former_countries", "id": 37916154}, {"name": "Administrative_divisions_of_China", "id": 40136145}, {"name": "Provinces_of_Ecuador", "id": 902425}, {"name": "Parishes_of_Ecuador", "id": 5222065}, {"name": "Regions_of_Germany", "id": 3860537}, {"name": "Metropolitan_areas_of_Germany", "id": 4239190}, {"name": "Government_regions_of_Germany", "id": 14233544}, {"name": "Former_subdivisions_of_Germany", "id": 22885348}, {"name": "City_districts_in_Germany", "id": 58096597}, {"name": "Unincorporated_areas_of_Germany", "id": 69227675}, {"name": "Cantons_of_Switzerland", "id": 755371}, {"name": "Regions_of_Switzerland", "id": 1925100}, {"name": "Districts_of_Lesotho", "id": 900288}, {"name": "Counties_of_Albania", "id": 1580901}, {"name": "Districts_of_Suriname", "id": 1090632}, {"name": "Resorts_of_Suriname", "id": 25957598}, {"name": "Regions_of_Peru", "id": 1667893}, {"name": "Former_subdivisions_of_Peru", "id": 37424948}, {"name": "Departments_of_Peru", "id": 37433520}, {"name": "Territorial_evolution_of_Peru", "id": 75541577}, {"name": "Regions_of_Chile", "id": 899932}, {"name": "Provinces_of_Chile", "id": 1981134}, {"name": "Communes_of_Chile", "id": 10945329}, {"name": "Governorates_of_Lebanon", "id": 1981167}, {"name": "Districts_of_Lebanon", "id": 1981364}, {"name": "Districts_of_Costa_Rica", "id": 24636500}, {"name": "Indigenous_territories_of_Costa_Rica", "id": 59787889}, {"name": "Cantons_of_Luxembourg", "id": 1981502}, {"name": "Governorates_of_Oman", "id": 1981681}, {"name": "Regions_of_Namibia", "id": 900718}, {"name": "Bantustans_in_South_West_Africa", "id": 53208796}, {"name": "Departments_of_Bolivia", "id": 900449}, {"name": "Cantons_of_Bolivia", "id": 18890540}, {"name": "Counties_of_Romania", "id": 899969}, {"name": "Towns_in_Romania", "id": 26843847}, {"name": "Cities_in_Romania", "id": 28923559}, {"name": "Districts_of_Rwanda", "id": 9731186}, {"name": "Provinces_of_Mongolia", "id": 1608311}, {"name": "Former_subdivisions_of_Belarus", "id": 12302569}, {"name": "Provinces_of_Gabon", "id": 1985589}, {"name": "Departments_of_Gabon", "id": 16158075}, {"name": "Brčko_District", "id": 3058174}, {"name": "Cantons_of_the_Federation_of_Bosnia_and_Herzegovina", "id": 5913578}, {"name": "Former_types_of_subdivisions_of_Bosnia_and_Herzegovina", "id": 69510439}, {"name": "Governorates_of_Egypt", "id": 900021}, {"name": "Counties_of_Liberia", "id": 1986985}, {"name": "Districts_of_Liberia", "id": 4103098}, {"name": "States_of_the_United_States", "id": 2837635}, {"name": "Administrative_divisions_of_the_United_States_by_state_and_territory", "id": 5339830}, {"name": "American_Indian_reservations", "id": 5353394}, {"name": "United_States_Census_Bureau_geography", "id": 18893437}, {"name": "Surveying_of_the_United_States", "id": 19953264}, {"name": "Councils_of_governments", "id": 23633761}, {"name": "Lists_of_subdivisions_of_the_United_States", "id": 37634834}, {"name": "Contiguous_United_States", "id": 69260338}, {"name": "Neighbourhoods_in_South_Korea", "id": 6644140}, {"name": "Villages_in_South_Korea", "id": 31598356}, {"name": "Lists_of_subdivisions_of_South_Korea", "id": 49329170}, {"name": "Counties_of_Kenya", "id": 33241075}, {"name": "Regions_of_Kyrgyzstan", "id": 1649600}, {"name": "Provinces_of_Burkina_Faso", "id": 1995422}, {"name": "Departments_of_Burkina_Faso", "id": 1995439}, {"name": "Regions_of_Burkina_Faso", "id": 2904131}, {"name": "Provinces_of_Argentina", "id": 1996067}, {"name": "Regions_of_Argentina", "id": 30249767}, {"name": "Municipalities_of_Argentina", "id": 66015991}, {"name": "Regions_of_Ethiopia", "id": 2010911}, {"name": "Zones_of_Ethiopia", "id": 3768111}, {"name": "Districts_of_Azerbaijan", "id": 6748909}, {"name": "Subdivisions_of_the_Nakhchivan_Autonomous_Republic", "id": 41779632}, {"name": "Economic_regions_of_Azerbaijan", "id": 67613150}, {"name": "Counties_of_Lithuania", "id": 744035}, {"name": "Municipalities_of_Lithuania", "id": 2877774}, {"name": "Former_subdivisions_of_Lithuania", "id": 12302403}, {"name": "Administrative_divisions_of_Scotland", "id": 842653}, {"name": "Administrative_divisions_of_Wales", "id": 1691415}, {"name": "Counties_of_Estonia", "id": 743363}, {"name": "Municipalities_of_Estonia", "id": 1856401}, {"name": "Districts_of_Uganda", "id": 1786662}, {"name": "Sub-regions_of_Uganda", "id": 12879735}, {"name": "Provinces_of_Afghanistan", "id": 899887}, {"name": "Regions_of_Afghanistan", "id": 30229264}, {"name": "Departments_of_Colombia", "id": 692457}, {"name": "Corregimientos_of_Colombia", "id": 13405572}, {"name": "Natural_regions_of_Colombia", "id": 37735740}, {"name": "Provinces_of_South_Africa", "id": 912835}, {"name": "Parishes_of_Jamaica", "id": 2384089}, {"name": "Parliamentary_constituencies_of_Jamaica", "id": 27301905}, {"name": "States_of_Venezuela", "id": 899992}, {"name": "Regions_of_Venezuela", "id": 6810850}, {"name": "Provinces_of_Venezuela", "id": 28146764}, {"name": "Districts_of_Panama", "id": 2441314}, {"name": "Provinces_of_Panama", "id": 2441329}, {"name": "Departments_of_Benin", "id": 1107930}, {"name": "Communes_of_Benin", "id": 15904712}, {"name": "Arrondissements_of_Benin", "id": 21043208}, {"name": "Provinces_of_the_Democratic_Republic_of_the_Congo", "id": 14075360}, {"name": "Democratic_Republic_of_the_Congo_subdivision_templates", "id": 17141598}, {"name": "Communes_of_the_Democratic_Republic_of_the_Congo", "id": 73301004}, {"name": "Cities_in_the_Democratic_Republic_of_the_Congo", "id": 73888969}, {"name": "Parishes_of_Barbados", "id": 1528020}, {"name": "Provinces_of_Armenia", "id": 899918}, {"name": "Former_regions_of_Armenia", "id": 59847244}, {"name": "Regions_of_Chad", "id": 2668886}, {"name": "Departments_of_Chad", "id": 2678136}, {"name": "Regions_of_New_Zealand", "id": 1972380}, {"name": "Ecoregions_of_New_Zealand", "id": 29411007}, {"name": "Territorial_authorities_of_New_Zealand", "id": 34758679}, {"name": "Regions_of_Senegal", "id": 900723}, {"name": "Departments_of_Senegal", "id": 2893217}, {"name": "Arrondissements_of_Senegal", "id": 16265839}, {"name": "Communes_of_Senegal", "id": 21846010}, {"name": "Departments_of_Niger", "id": 2050878}, {"name": "Communes_of_Niger", "id": 16020691}, {"name": "Regions_of_Niger", "id": 17229957}, {"name": "Prefectures_of_Togo", "id": 8591196}, {"name": "Cantons_of_Togo", "id": 46985039}, {"name": "Governorates_of_Tunisia", "id": 2959627}, {"name": "Communes_of_Tunisia", "id": 25997848}, {"name": "Departments_of_Honduras", "id": 900275}, {"name": "Divisions_of_Bangladesh", "id": 1448894}, {"name": "Districts_of_Bangladesh", "id": 1954788}, {"name": "Thanas_of_Dhaka", "id": 12853685}, {"name": "Cities_in_Bangladesh", "id": 39535334}, {"name": "Towns_in_Bangladesh", "id": 40103021}, {"name": "Municipalities_of_Denmark", "id": 815263}, {"name": "Regions_of_Denmark", "id": 2520962}, {"name": "Parishes_of_Denmark", "id": 5280217}, {"name": "Former_Danish_colonies", "id": 2285239}, {"name": "Counties_of_Moldova", "id": 3195895}, {"name": "Districts_of_Moldova", "id": 6329410}, {"name": "Municipalities_of_Moldova", "id": 53794155}, {"name": "Provinces_of_Saudi_Arabia", "id": 900029}, {"name": "Governorates_of_Saudi_Arabia", "id": 14445108}, {"name": "Former_administrative_divisions_of_Serbia", "id": 28039506}, {"name": "Transport_in_Belgrade", "id": 12428158}, {"name": "History_of_Belgrade", "id": 15360630}, {"name": "Tourist_attractions_in_Belgrade", "id": 20309820}, {"name": "Belgrade-related_lists", "id": 37292750}, {"name": "Provinces_of_Zimbabwe", "id": 900359}, {"name": "Wards_of_Zimbabwe", "id": 21407711}, {"name": "States_of_Austria", "id": 751096}, {"name": "Regions_of_Austria", "id": 30594494}, {"name": "Districts_of_Slovakia", "id": 2821804}, {"name": "Traditional_regions_of_Slovakia", "id": 2821901}, {"name": "Regions_of_Slovakia", "id": 2884411}, {"name": "Departments_of_El_Salvador", "id": 902395}, {"name": "Departments_of_Guatemala", "id": 1181596}, {"name": "Municipalities_of_Kosovo", "id": 29605682}, {"name": "Cities_in_Kosovo", "id": 38490885}, {"name": "Provinces_of_Mozambique", "id": 900349}, {"name": "Provinces_of_Turkey", "id": 900601}, {"name": "Regions_of_Turkey", "id": 7609465}, {"name": "Statistical_regions_of_Turkey", "id": 44981419}, {"name": "Statistical_subregions_of_Turkey", "id": 45086612}, {"name": "Governorates_of_Iraq", "id": 1981214}, {"name": "Iraqi_Kurdistan", "id": 9245049}, {"name": "Subdistricts_of_Iraq", "id": 53549092}, {"name": "Provinces_of_Sri_Lanka", "id": 1990614}, {"name": "Districts_of_Sri_Lanka", "id": 3973198}, {"name": "Grama_Niladhari_divisions_of_Sri_Lanka", "id": 45114089}, {"name": "Regions_of_Ghana", "id": 2721052}, {"name": "Districts_of_Ghana", "id": 2905317}, {"name": "Provinces_of_Cambodia", "id": 1028276}, {"name": "Districts_of_Cambodia", "id": 12422735}, {"name": "History_of_Minsk", "id": 22333335}, {"name": "Districts_of_the_Republic_of_the_Congo", "id": 14244999}, {"name": "Departments_of_the_Republic_of_the_Congo", "id": 24101870}, {"name": "Parishes_of_Bermuda", "id": 22436417}, {"name": "Districts_of_Libya", "id": 23698940}, {"name": "Baladiyat_of_Libya", "id": 57645035}, {"name": "Governorates_of_Syria", "id": 1986532}, {"name": "Provinces_of_Bulgaria", "id": 1617362}, {"name": "Electoral_divisions_in_Bulgaria", "id": 24173104}, {"name": "Districts_of_Sofia", "id": 25559644}, {"name": "Regions_of_Madagascar", "id": 5495094}, {"name": "Counties_of_Hungary", "id": 1989652}, {"name": "Cities_with_county_rights_of_Hungary", "id": 69044828}, {"name": "Regions_of_Guinea", "id": 2038352}, {"name": "Prefectures_of_Guinea", "id": 2823114}, {"name": "Regions_of_Guyana", "id": 2266445}, {"name": "Mukims_in_Brunei", "id": 11589988}, {"name": "Communes_of_Cameroon", "id": 21844209}, {"name": "Departments_of_Cameroon", "id": 21865462}, {"name": "Regions_of_Cameroon", "id": 24238326}, {"name": "Former_municipalities_(regions)_of_Bahrain", "id": 22100297}, {"name": "Regions_of_Somalia", "id": 900037}, {"name": "Districts_of_Somalia", "id": 3633200}, {"name": "Districts_of_Israel", "id": 1980227}, {"name": "Local_councils_in_Israel", "id": 4311626}, {"name": "Regional_councils_in_Israel", "id": 4311733}, {"name": "Regions_of_Israel", "id": 26067740}, {"name": "Community_settlements", "id": 41871533}, {"name": "Former_departments_of_France_in_Belgium", "id": 8839150}, {"name": "German-speaking_Community_of_Belgium", "id": 11747432}, {"name": "Provinces_of_Papua_New_Guinea", "id": 1990732}, {"name": "Districts_of_Papua_New_Guinea", "id": 7077231}, {"name": "Provinces_of_Cuba", "id": 899957}, {"name": "Wards_of_Cuba", "id": 73911332}, {"name": "Provinces_of_Fiji", "id": 2808053}, {"name": "Provinces_of_Algeria", "id": 1984289}, {"name": "Regions_of_Tanzania", "id": 1504035}, {"name": "Constituencies_of_Tanzania", "id": 55792591}, {"name": "Sultanates_in_Malaysia", "id": 10549770}, {"name": "Regions_of_Korea", "id": 35535183}, {"name": "Provinces_of_Korea", "id": 35535268}, {"name": "Provinces_of_the_Dominican_Republic", "id": 996660}, {"name": "Municipalities_of_the_Dominican_Republic", "id": 7822724}, {"name": "Districts_of_Tajikistan", "id": 11642365}, {"name": "Jamoats_of_Tajikistan", "id": 22079627}, {"name": "Districts_of_Kazakhstan", "id": 16997264}, {"name": "Cities_and_towns_in_Kazakhstan", "id": 36667946}, {"name": "Regions_of_Kazakhstan", "id": 43228082}, {"name": "Electoral_districts_of_Kazakhstan", "id": 72889686}, {"name": "Regions_of_Uzbekistan", "id": 1990465}, {"name": "Districts_of_Uzbekistan", "id": 18311008}, {"name": "Districts_of_Turkmenistan", "id": 11691315}, {"name": "Ashgabat", "id": 16961325}, {"name": "Quarters_of_Monaco", "id": 11720779}, {"name": "Departments_of_Nicaragua", "id": 1016748}, {"name": "Municipalities_of_Morocco", "id": 36073159}, {"name": "Subregions_of_Eritrea", "id": 16069293}, {"name": "Local_councils_of_Malta", "id": 23977102}, {"name": "Districts_of_Malta", "id": 59816152}, {"name": "Municipalities_of_Northern_Cyprus", "id": 59589924}, {"name": "Provinces_of_Laos", "id": 900076}, {"name": "Districts_of_Laos", "id": 17341627}, {"name": "Provinces_of_Burundi", "id": 1996852}, {"name": "Communes_of_Burundi", "id": 17409330}, {"name": "Regions_of_Mauritania", "id": 1527927}, {"name": "Departments_of_Mauritania", "id": 17597723}, {"name": "Communes_of_Mauritania", "id": 21093879}, {"name": "Provinces_of_Cundinamarca_Department", "id": 42354306}, {"name": "Provinces_of_Boyacá_Department", "id": 42354383}, {"name": "Districts_of_Nauru", "id": 3377561}, {"name": "States_of_Sudan", "id": 900426}, {"name": "Districts_of_Sudan", "id": 6681408}, {"name": "Unions_of_Khulna_Division", "id": 63224857}, {"name": "Unions_of_Rangpur_Division", "id": 68870234}, {"name": "Districts_of_Mauritius", "id": 2064068}, {"name": "Outer_Islands_of_Mauritius", "id": 39471204}, {"name": "Bulgarian_Black_Sea_Coast", "id": 5030996}, {"name": "Constituencies_of_Antigua_and_Barbuda", "id": 69551701}, {"name": "Provinces_of_Angola", "id": 900375}, {"name": "Municipalities_of_Angola", "id": 13508008}, {"name": "Districts_of_the_Bahamas", "id": 999431}, {"name": "Constituencies_of_the_Bahamas", "id": 68728387}, {"name": "Districts_of_Bhutan", "id": 2607376}, {"name": "Gewogs_of_Bhutan", "id": 28545405}, {"name": "Provinces_of_Bhutan", "id": 32750462}, {"name": "Districts_of_Botswana", "id": 3020262}, {"name": "Political_divisions_in_Belize", "id": 10374374}, {"name": "Prefectures_of_the_Central_African_Republic", "id": 1455746}, {"name": "Sub-prefectures_of_the_Central_African_Republic", "id": 21091035}, {"name": "Municipalities_of_Cape_Verde", "id": 2725935}, {"name": "Parishes_of_Cape_Verde", "id": 8107152}, {"name": "Regions_of_Djibouti", "id": 3253841}, {"name": "Districts_of_Djibouti", "id": 57613545}, {"name": "Parishes_of_Dominica", "id": 1996996}, {"name": "Regions_of_Georgia_(country)", "id": 8434752}, {"name": "Former_provinces_of_Georgia_(country)", "id": 12302222}, {"name": "Provinces_of_Equatorial_Guinea", "id": 1995449}, {"name": "Regions_of_Guinea-Bissau", "id": 2036478}, {"name": "Sectors_of_Guinea-Bissau", "id": 26515533}, {"name": "Departments_of_Haiti", "id": 900015}, {"name": "Arrondissements_of_Haiti", "id": 7471623}, {"name": "Communes_of_Haiti", "id": 25897038}, {"name": "Communal_sections_of_Haiti", "id": 49814578}, {"name": "Counties_of_the_Republic_of_Ireland", "id": 5548203}, {"name": "NUTS_statistical_regions_of_the_Republic_of_Ireland", "id": 29499694}, {"name": "Local_government_areas_of_the_Republic_of_Ireland", "id": 31072633}, {"name": "Governorates_of_Jordan", "id": 1986600}, {"name": "Districts_of_Jordan", "id": 59806171}, {"name": "Islands_of_Kiribati", "id": 11909701}, {"name": "Parishes_of_Saint_Kitts_and_Nevis", "id": 2628347}, {"name": "Municipalities_of_Liechtenstein", "id": 1769182}, {"name": "Villages_of_Liechtenstein", "id": 24420127}, {"name": "Municipalities_of_Montenegro", "id": 5623682}, {"name": "Municipalities_of_the_Marshall_Islands", "id": 23856355}, {"name": "Municipalities_of_North_Macedonia", "id": 5120457}, {"name": "Regions_of_Mali", "id": 2159605}, {"name": "Cercles_of_Mali", "id": 15217708}, {"name": "Districts_of_Malawi", "id": 908489}, {"name": "Constituencies_of_the_National_Assembly_of_Malawi", "id": 43485810}, {"name": "Municipalities_of_Slovenia", "id": 24895662}, {"name": "Statistical_regions_of_Slovenia", "id": 29507887}, {"name": "States_of_Palau", "id": 2302311}, {"name": "Municipalities_of_Qatar", "id": 4928891}, {"name": "Zones_of_Qatar", "id": 59925719}, {"name": "Provinces_of_Zambia", "id": 1991094}, {"name": "Provinces_of_the_Solomon_Islands", "id": 1990631}, {"name": "Honiara", "id": 30054575}, {"name": "Districts_of_Seychelles", "id": 3782130}, {"name": "Districts_of_Singapore", "id": 24884095}, {"name": "Districts_of_Sierra_Leone", "id": 2175577}, {"name": "Chiefdoms_of_Sierra_Leone", "id": 21844742}, {"name": "Municipalities_of_San_Marino", "id": 24930320}, {"name": "St._George's,_Bermuda", "id": 39832986}, {"name": "Municipalities_of_East_Timor", "id": 2645878}, {"name": "Administrative_posts_of_East_Timor", "id": 27305729}, {"name": "Sucos_of_East_Timor", "id": 36501246}, {"name": "Constituencies_of_the_Parliament_of_Trinidad_and_Tobago", "id": 62895245}, {"name": "Atolls_of_Tuvalu", "id": 12557490}, {"name": "Departments_of_Uruguay", "id": 1745522}, {"name": "Districts_of_Samoa", "id": 3622231}, {"name": "Governorates_of_Yemen", "id": 1986622}, {"name": "State_capitals_in_Sudan", "id": 21719705}, {"name": "Villages_in_Sudan", "id": 67751577}, {"name": "Provinces_and_territories_of_Canada", "id": 3843782}, {"name": "Union_territories_of_India", "id": 3970272}, {"name": "Overseas_France", "id": 8848353}, {"name": "Territories_of_the_Republic_of_Venice", "id": 17560885}, {"name": "Territories_of_Mexico", "id": 30495732}, {"name": "Territories_of_the_Republic_of_Genoa", "id": 32421854}, {"name": "Districts_of_the_Gambia", "id": 29306542}, {"name": "First-level_administrative_divisions_by_country", "id": 8420344}, {"name": "Second-level_administrative_divisions_by_country", "id": 8420352}, {"name": "Third-level_administrative_divisions_by_country", "id": 8420362}, {"name": "Fourth-level_administrative_divisions_by_country", "id": 8420367}, {"name": "Fifth-level_administrative_divisions_by_country", "id": 39221554}, {"name": "Central_business_districts_in_Canada", "id": 19281599}, {"name": "Central_business_districts_in_Australia", "id": 23989731}, {"name": "Central_business_districts_in_the_United_States", "id": 26821009}, {"name": "Central_business_districts_in_the_United_Kingdom", "id": 27591325}, {"name": "Central_business_districts_in_India", "id": 28943029}, {"name": "Central_business_districts_in_New_Zealand", "id": 37604816}, {"name": "Central_business_districts_in_Indonesia", "id": 54949873}, {"name": "Former_capitals_of_Korea", "id": 43284712}, {"name": "Lists_of_cities_in_South_Korea", "id": 27457651}, {"name": "People_from_Pyongyang", "id": 7424469}, {"name": "People_from_Hamhung", "id": 8330415}, {"name": "People_from_Chongjin", "id": 8419058}, {"name": "People_from_Kaesong", "id": 8587296}, {"name": "People_from_Haeju", "id": 24391264}, {"name": "People_from_Nampo", "id": 41371033}, {"name": "People_from_Chongju", "id": 41371354}, {"name": "Kaesong", "id": 7435645}, {"name": "Buildings_and_structures_in_Pyongyang", "id": 8681516}, {"name": "Geography_of_Pyongyang", "id": 27638448}, {"name": "Education_in_Pyongyang", "id": 27638491}, {"name": "History_of_Pyongyang", "id": 44638056}, {"name": "Districts_of_Pyongyang", "id": 13728285}, {"name": "Historical_regions_in_Lithuania", "id": 31013480}, {"name": "Upper_Abkhazia", "id": 7241540}, {"name": "Districts_of_Abkhazia", "id": 11950363}, {"name": "Lists_of_administrative_divisions_of_China", "id": 37567422}, {"name": "Lists_of_subdivisions_of_Australia", "id": 37634738}, {"name": "Lists_of_subdivisions_of_India", "id": 37634761}, {"name": "Districts_of_Pakistan", "id": 1990784}, {"name": "Punjab,_Pakistan", "id": 2297663}, {"name": "Divisions_of_Pakistan", "id": 3498090}, {"name": "Azad_Kashmir", "id": 3930389}, {"name": "Regions_of_Pakistan", "id": 14702610}, {"name": "Islamabad_Capital_Territory", "id": 35869445}, {"name": "Former_subdivisions_of_Pakistan", "id": 37915975}, {"name": "Cantonments_of_Pakistan", "id": 29429405}, {"name": "Local_elections_in_Pakistan", "id": 46867549}, {"name": "Tehsils_of_Balochistan,_Pakistan", "id": 15882369}, {"name": "Tehsils_of_Sindh", "id": 30164891}, {"name": "Tehsils_of_Khyber_Pakhtunkhwa", "id": 30164944}, {"name": "Tehsils_of_Punjab,_Pakistan", "id": 34235891}, {"name": "Buildings_and_structures_in_Gilgit-Baltistan", "id": 34374533}, {"name": "Baloch_culture", "id": 22079146}, {"name": "Social_groups_of_Balochistan,_Pakistan", "id": 35468756}, {"name": "Mayors_of_places_in_Pakistan", "id": 34255128}, {"name": "Districts_of_Seoul", "id": 8121301}, {"name": "Districts_of_Busan", "id": 37438535}, {"name": "Districts_of_Incheon", "id": 37591030}, {"name": "Dong_District,_Gwangju", "id": 37617766}, {"name": "Gwangsan_District", "id": 37617773}, {"name": "Dong_District,_Daejeon", "id": 37617980}, {"name": "Yuseong_District", "id": 37618003}, {"name": "Nam_District,_Ulsan", "id": 37627094}, {"name": "Districts_of_Ivory_Coast", "id": 47070187}, {"name": "Parishes_of_Latvia", "id": 22078969}, {"name": "Saint_George_Parish,_Antigua_and_Barbuda", "id": 47770871}, {"name": "Saint_Peter_Parish,_Antigua_and_Barbuda", "id": 69590253}, {"name": "Saint_John_Parish,_Antigua_and_Barbuda", "id": 69590865}, {"name": "Saint_Mary_Parish,_Antigua_and_Barbuda", "id": 69590970}, {"name": "Saint_Paul_Parish,_Antigua_and_Barbuda", "id": 69591021}, {"name": "Saint_Philip_Parish,_Antigua_and_Barbuda", "id": 69591066}, {"name": "Saint_Andrew_Parish,_Grenada", "id": 64754625}, {"name": "Sé,_Macau", "id": 49444145}, {"name": "São_Lázaro", "id": 76713086}, {"name": "Buildings_and_structures_in_Nampo", "id": 41313756}, {"name": "Tourist_attractions_in_Pyongyang", "id": 26696337}, {"name": "Marquessates_in_the_Peerage_of_Ireland", "id": 36532395}, {"name": "Marquessates_in_the_Peerage_of_the_United_Kingdom", "id": 36587364}, {"name": "Marquessates_in_the_Peerage_of_Scotland", "id": 36592128}, {"name": "Marquessates_in_the_Spanish_nobility", "id": 36592878}, {"name": "Marquisates_of_Italy", "id": 40825034}, {"name": "Extinct_marquessates_in_the_Peerage_of_Great_Britain", "id": 36533908}, {"name": "Extinct_marquessates_in_the_Peerage_of_England", "id": 36587310}, {"name": "Subdistricts_of_Hama_Governorate", "id": 43921461}, {"name": "Subdistricts_of_Aleppo_Governorate", "id": 48249979}, {"name": "Subdistricts_of_al-Hasakah_Governorate", "id": 48478010}, {"name": "Subdistricts_of_Idlib_Governorate", "id": 48650566}, {"name": "Subdistricts_of_Raqqa_Governorate", "id": 55596867}, {"name": "Riigikogu_electoral_districts", "id": 66212732}, {"name": "Lagos_Island", "id": 43858594}, {"name": "Quetta_Bears_cricketers", "id": 39739923}, {"name": "Baluchistan_Bears_cricketers", "id": 39838642}, {"name": "Gran_Chaco", "id": 47230559}, {"name": "Pantanal", "id": 50466604}, {"name": "Baluchistan_cricketers", "id": 21211680}, {"name": "Sportspeople_from_Quetta", "id": 48335612}, {"name": "Quetta_cricketers", "id": 20051900}, {"name": "Moldavia", "id": 1157780}, {"name": "Bessarabia", "id": 1525310}, {"name": "Districts_of_Somaliland", "id": 59156530}, {"name": "Communities_in_Paphos_District", "id": 59575153}, {"name": "Communities_in_Limassol_District", "id": 59575545}, {"name": "Communities_in_Larnaca_District", "id": 59575772}, {"name": "Communities_in_Nicosia_District", "id": 59575950}, {"name": "Communities_in_Kyrenia_District", "id": 59576270}, {"name": "Communities_in_Famagusta_District", "id": 59576272}, {"name": "Gilead", "id": 66476371}, {"name": "Golan_Heights", "id": 10408708}, {"name": "La_Défense", "id": 1322225}, {"name": "Bankenviertel", "id": 37257918}, {"name": "Districts_of_Albania", "id": 899899}, {"name": "Župas_of_the_medieval_Bosnian_state", "id": 68571109}, {"name": "Zemljas_of_the_medieval_Bosnian_state", "id": 68571226}, {"name": "Vienna_district_templates", "id": 17225795}, {"name": "Municipalities_of_the_Netherlands", "id": 2734678}, {"name": "Municipalities_of_Portugal", "id": 3116181}, {"name": "Municipalities_of_Iceland", "id": 3262737}, {"name": "Municipalities_of_Croatia", "id": 5743975}, {"name": "Municipalities_of_Bangladesh", "id": 6348243}, {"name": "Municipalities_of_Latvia", "id": 22078896}, {"name": "Municipalities_of_Spain", "id": 22482769}, {"name": "Municipalities_of_the_State_of_Palestine", "id": 61018954}, {"name": "Municipalities_of_Bolívar_(state)", "id": 34076262}, {"name": "Municipalities_of_Nueva_Esparta", "id": 46285572}, {"name": "Municipalities_of_Cesar_Department", "id": 4792327}, {"name": "Municipalities_of_Magdalena_Department", "id": 9535914}, {"name": "Municipalities_of_Córdoba_Department", "id": 10160717}, {"name": "Municipalities_of_Chocó_Department", "id": 10441929}, {"name": "Municipalities_of_the_Norte_de_Santander_Department", "id": 42260756}, {"name": "Municipalities_of_Valle_del_Cauca_Department", "id": 42354129}, {"name": "Municipalities_of_Tolima_Department", "id": 42354161}, {"name": "Municipalities_of_Sucre_Department", "id": 42354173}, {"name": "Municipalities_of_Santander_Department", "id": 42354185}, {"name": "Municipalities_of_Quindío_Department", "id": 42354217}, {"name": "Municipalities_of_Putumayo_Department", "id": 42354223}, {"name": "Municipalities_of_Nariño_Department", "id": 42354229}, {"name": "Municipalities_of_La_Guajira_Department", "id": 42354258}, {"name": "Municipalities_of_Huila_Department", "id": 42354263}, {"name": "Municipalities_of_Cundinamarca_Department", "id": 42354287}, {"name": "Municipalities_of_Cauca_Department", "id": 42354319}, {"name": "Municipalities_of_Casanare_Department", "id": 42354331}, {"name": "Municipalities_of_Caquetá_Department", "id": 42354337}, {"name": "Municipalities_of_Caldas_Department", "id": 42354347}, {"name": "Municipalities_of_Boyacá_Department", "id": 42354360}, {"name": "Municipalities_of_Antioquia_Department", "id": 42354393}, {"name": "Municipalities_of_Amazonas_(Colombian_department)", "id": 42354423}, {"name": "Municipalities_of_Atlántico_Department", "id": 42354428}, {"name": "Municipalities_of_Meta_Department", "id": 42354454}, {"name": "Municipalities_of_Risaralda_Department", "id": 42354458}, {"name": "Municipalities_of_Bolívar_Department", "id": 42354461}, {"name": "Seals_of_Philippine_municipalities", "id": 38400071}, {"name": "Former_municipalities_of_the_Philippines", "id": 43085270}, {"name": "Municipalities_of_the_Choluteca_Department", "id": 18617394}, {"name": "Municipalities_of_the_Colón_Department_(Honduras)", "id": 18617480}, {"name": "Municipalities_of_the_Comayagua_Department", "id": 18617581}, {"name": "Municipalities_of_the_Copán_Department", "id": 18617688}, {"name": "Municipalities_of_the_Cortés_Department", "id": 18617797}, {"name": "Municipalities_of_the_El_Paraíso_Department", "id": 18619153}, {"name": "Municipalities_of_the_Francisco_Morazán_Department", "id": 18619776}, {"name": "Municipalities_of_the_Intibucá_Department", "id": 18620457}, {"name": "Municipalities_of_the_La_Paz_Department_(Honduras)", "id": 18620815}, {"name": "Municipalities_of_the_Lempira_Department", "id": 18621232}, {"name": "Municipalities_of_the_Ocotepeque_Department", "id": 18621263}, {"name": "Municipalities_of_the_Olancho_Department", "id": 18621285}, {"name": "Municipalities_of_the_Santa_Bárbara_Department,_Honduras", "id": 18621304}, {"name": "Municipalities_of_the_Yoro_Department", "id": 18621341}, {"name": "Municipalities_of_the_Usulután_Department", "id": 18582962}, {"name": "Municipalities_of_the_Ahuachapán_Department", "id": 18583064}, {"name": "Municipalities_of_the_Chalatenango_Department", "id": 18583321}, {"name": "Municipalities_of_the_Cuscatlán_Department", "id": 18583540}, {"name": "Municipalities_of_the_La_Paz_Department_(El_Salvador)", "id": 18584916}, {"name": "Municipalities_of_the_La_Unión_Department", "id": 18595716}, {"name": "Municipalities_of_the_Morazán_Department", "id": 18595845}, {"name": "Municipalities_of_the_San_Miguel_Department_(El_Salvador)", "id": 18596093}, {"name": "Municipalities_of_the_San_Salvador_Department", "id": 18596285}, {"name": "Municipalities_of_the_San_Vicente_Department", "id": 18596346}, {"name": "Municipalities_of_the_Santa_Ana_Department", "id": 18596584}, {"name": "Municipalities_of_the_Sonsonate_Department", "id": 18597082}, {"name": "Municipalities_of_the_La_Libertad_Department_(El_Salvador)", "id": 34083885}, {"name": "Municipalities_of_the_Chinandega_Department", "id": 18622505}, {"name": "Municipalities_of_the_Chontales_Department", "id": 18629695}, {"name": "Municipalities_of_the_Matagalpa_Department", "id": 18632490}, {"name": "Municipalities_of_the_Nueva_Segovia_Department", "id": 18632531}, {"name": "Municipalities_of_the_Rivas_Department", "id": 18632586}, {"name": "Municipalities_of_the_South_Caribbean_Coast_Autonomous_Region", "id": 18632811}, {"name": "Municipalities_of_Republika_Srpska", "id": 7625315}, {"name": "Municipalities_of_the_Alta_Verapaz_Department", "id": 18606671}, {"name": "Municipalities_of_the_Chimaltenango_Department", "id": 18607567}, {"name": "Municipalities_of_the_Chiquimula_Department", "id": 18607788}, {"name": "Municipalities_of_the_Escuintla_Department", "id": 18608460}, {"name": "Municipalities_of_the_Guatemala_Department", "id": 18608472}, {"name": "Municipalities_of_the_Huehuetenango_Department", "id": 18608486}, {"name": "Municipalities_of_the_Jutiapa_Department", "id": 18614916}, {"name": "Municipalities_of_the_Petén_Department", "id": 18615121}, {"name": "Municipalities_of_the_Quetzaltenango_Department", "id": 18615231}, {"name": "Municipalities_of_the_Quiché_Department", "id": 18615342}, {"name": "Municipalities_of_the_Sacatepéquez_Department", "id": 18615658}, {"name": "Municipalities_of_the_San_Marcos_Department", "id": 18615754}, {"name": "Municipalities_of_the_Sololá_Department", "id": 18615952}, {"name": "Municipalities_of_the_Suchitepéquez_Department", "id": 18616028}, {"name": "Municipalities_of_the_Zacapa_Department", "id": 18616089}, {"name": "Municipalities_of_the_Santa_Rosa_Department,_Guatemala", "id": 42260859}, {"name": "Municipalities_of_the_Cochabamba_Department", "id": 24862658}, {"name": "Municipalities_of_Potosí_Department", "id": 28277725}, {"name": "Municipalities_of_Beni_Department", "id": 28287094}, {"name": "Municipalities_of_La_Paz_Department_(Bolivia)", "id": 34083058}, {"name": "Sihanoukville_(city)", "id": 15099444}, {"name": "Former_municipalities_of_Greenland", "id": 23275343}, {"name": "Sermersooq", "id": 39100205}, {"name": "Kujalleq", "id": 39100253}, {"name": "Avannaata", "id": 56731472}, {"name": "Qeqertalik", "id": 56731534}, {"name": "Set_index_articles_on_urban_okrugs_in_Russia", "id": 39733339}, {"name": "Set_index_articles_on_urban_settlements_in_Russia", "id": 39733340}, {"name": "Ilulissat", "id": 31638456}, {"name": "Rural_municipalities_in_Saskatchewan", "id": 8832246}, {"name": "Rural_municipalities_in_Manitoba", "id": 9626296}, {"name": "Politics_of_the_Cape_Breton_Regional_Municipality", "id": 35259177}, {"name": "Wards_of_Tokyo", "id": 870466}, {"name": "Wards_of_Nagoya", "id": 1530863}, {"name": "Wards_of_Osaka", "id": 1531159}, {"name": "Wards_of_Yokohama", "id": 1539468}, {"name": "Wards_of_Kyoto", "id": 1543220}, {"name": "Wards_of_Sapporo", "id": 1543269}, {"name": "Wards_of_Kobe", "id": 6242434}, {"name": "Wards_of_Saitama_(city)", "id": 34021192}, {"name": "Districts_of_Moscow", "id": 37641247}, {"name": "Admiralteysky_District,_Saint_Petersburg", "id": 5683673}, {"name": "Tsentralny_District,_Saint_Petersburg", "id": 5719999}, {"name": "Kurortny_District", "id": 12166651}, {"name": "Vyborgskiy_District_of_Saint_Petersburg", "id": 64625658}, {"name": "Kamennoostrovsky_Prospekt", "id": 72354442}, {"name": "Social_history_of_Puerto_Rico", "id": 4919751}, {"name": "Political_history_of_Puerto_Rico", "id": 4919918}, {"name": "Cultural_history_of_Puerto_Rico", "id": 4976591}, {"name": "Economic_history_of_Puerto_Rico", "id": 6015686}, {"name": "Military_history_of_Puerto_Rico", "id": 10807480}, {"name": "Legal_history_of_Puerto_Rico", "id": 39661414}, {"name": "Airfields_of_the_United_States_Army_Air_Forces_in_Arkansas", "id": 26851466}, {"name": "Military_facilities_on_the_National_Register_of_Historic_Places_in_Arkansas", "id": 36933394}, {"name": "Conflict_sites_on_the_National_Register_of_Historic_Places_in_Arkansas", "id": 51083874}, {"name": "Confederate_States_of_America_monuments_and_memorials_in_Arkansas", "id": 52809677}, {"name": "Battles_of_the_American_Civil_War_in_Arkansas", "id": 48731923}, {"name": "Economic_history_of_California", "id": 24810113}, {"name": "Legal_history_of_California", "id": 26731468}, {"name": "Maritime_history_of_California", "id": 26921984}, {"name": "Events_in_California", "id": 36402106}, {"name": "Military_history_of_California", "id": 37218053}, {"name": "Political_history_of_California", "id": 37766861}, {"name": "Cultural_history_of_California", "id": 73133937}, {"name": "LGBT_history_in_California", "id": 21317515}, {"name": "History_of_women_in_California", "id": 36155920}, {"name": "Riots_and_civil_disorder_in_California", "id": 37721485}, {"name": "History_of_racism_in_California", "id": 37942392}, {"name": "Protests_in_California", "id": 49002835}, {"name": "Defunct_organizations_based_in_California", "id": 50162919}, {"name": "History_of_slavery_in_California", "id": 51889592}, {"name": "Lists_of_municipalities_in_Turkey", "id": 14291597}, {"name": "Provincial_municipalities_in_Turkey", "id": 73861057}, {"name": "Subdivisions_of_the_Peru–Bolivian_Confederation", "id": 75541620}, {"name": "Acre_War", "id": 75541709}, {"name": "Provinces_of_Ethiopia", "id": 2017538}]}