{"name": "Types_of_communities", "id": 5933524, "predecessors": [{"name": "Community", "id": 4945845}, {"name": "Types_of_organization", "id": 10235640}], "successors": [{"name": "Virtual_communities", "id": 1168796}, {"name": "Intentional_communities", "id": 1906012}, {"name": "Counterculture_communities", "id": 22974087}, {"name": "Types_of_populated_places", "id": 37135057}, {"name": "Metropolitan_areas", "id": 937311}, {"name": "Neighbourhoods", "id": 1059078}, {"name": "Urban_areas", "id": 12837113}, {"name": "Blue_zones", "id": 24302804}, {"name": "Olympic_Villages", "id": 24345205}, {"name": "Cities_by_type", "id": 34199755}, {"name": "Lists_of_towns", "id": 1792430}, {"name": "Closed_cities", "id": 3016360}, {"name": "Seats_of_local_government", "id": 28272144}, {"name": "Municipal_international_relations", "id": 29082129}, {"name": "Former_towns", "id": 32289901}, {"name": "Ecovillages", "id": 7472978}, {"name": "Former_villages", "id": 14000453}, {"name": "Types_of_village", "id": 51504420}, {"name": "Villages_in_Belarus", "id": 853522}, {"name": "Villages_in_Slovakia", "id": 1498224}, {"name": "Villages_in_Switzerland", "id": 1547866}, {"name": "Barangays_of_the_Philippines", "id": 2874421}, {"name": "Villages_in_North_Macedonia", "id": 2883784}, {"name": "Villages_in_Portugal", "id": 3066186}, {"name": "Villages_in_Finland", "id": 4683575}, {"name": "Villages_in_Bosnia_and_Herzegovina", "id": 6095500}, {"name": "Villages_in_Israel", "id": 6814825}, {"name": "Villages_in_China", "id": 6815024}, {"name": "Villages_in_Botswana", "id": 7342767}, {"name": "Villages_in_Azerbaijan", "id": 7875534}, {"name": "Rural_localities_in_Russia", "id": 9232101}, {"name": "Villages_in_Denmark", "id": 9618833}, {"name": "Villages_in_Egypt", "id": 10803982}, {"name": "Villages_in_Luxembourg", "id": 11214138}, {"name": "Villages_in_Latvia", "id": 22632244}, {"name": "Villages_of_Liechtenstein", "id": 24420127}, {"name": "Villages_in_the_Isle_of_Man", "id": 25685267}, {"name": "Villages_in_Pakistan", "id": 27406738}, {"name": "Villages_in_Algeria", "id": 27880535}, {"name": "Villages_in_South_Korea", "id": 31598356}, {"name": "Villages_in_Serbia", "id": 34719796}, {"name": "Villages_in_Sweden", "id": 36092070}, {"name": "Villages_in_Eritrea", "id": 36092087}, {"name": "Villages_in_Syria", "id": 38039529}, {"name": "Villages_in_Ghana", "id": 40238225}, {"name": "Lists_of_villages_by_country", "id": 40971265}, {"name": "Villages_in_Afghanistan", "id": 41396369}, {"name": "Villages_in_Cambodia", "id": 41820619}, {"name": "Villages_in_Yemen", "id": 42891019}, {"name": "Villages_in_Taiwan", "id": 54047404}, {"name": "Villages_in_Sierra_Leone", "id": 54774808}, {"name": "Villages_in_Myanmar", "id": 56939648}, {"name": "Villages_in_the_United_Arab_Emirates", "id": 58057377}, {"name": "Villages_in_Trinidad_and_Tobago", "id": 66474368}, {"name": "Villages_in_Sudan", "id": 67751577}, {"name": "Villages_in_Burkina_Faso", "id": 70367821}, {"name": "Villages_in_Colombia", "id": 74713225}, {"name": "Villages_in_Venezuela", "id": 74713437}, {"name": "Towns_and_villages_in_the_Northern_Mariana_Islands", "id": 12812425}, {"name": "Villages_in_American_Samoa", "id": 21041687}, {"name": "Village_halls_in_the_United_States", "id": 31802277}, {"name": "Lists_of_villages_in_the_United_States", "id": 40942486}, {"name": "Lists_of_villages_in_India", "id": 28764935}, {"name": "Fishing_communities", "id": 17066650}, {"name": "Populated_waterside_places_in_India", "id": 38796512}, {"name": "Port_cities_in_Brazil", "id": 28604567}, {"name": "Villages_in_Nagaland", "id": 4894839}, {"name": "Villages_in_Mandi_district", "id": 26973871}, {"name": "Villages_in_Kangra_district", "id": 26973873}, {"name": "Villages_in_Una_district", "id": 26973883}, {"name": "Villages_in_Hamirpur_district,_Himachal_Pradesh", "id": 26973914}, {"name": "Villages_in_Shimla_district", "id": 26973931}, {"name": "Villages_in_Lahaul_and_Spiti_district", "id": 26974068}, {"name": "Villages_in_Thoothukudi_district", "id": 21128935}, {"name": "Villages_in_Pudukkottai_district", "id": 21489741}, {"name": "Villages_in_Perambalur_district", "id": 23834945}, {"name": "Villages_in_Ramanathapuram_district", "id": 23834956}, {"name": "Villages_in_Theni_district", "id": 23834964}, {"name": "Villages_in_Tirunelveli_district", "id": 23834995}, {"name": "Villages_in_Tiruvallur_district", "id": 23835035}, {"name": "Villages_in_Viluppuram_district", "id": 23835061}, {"name": "Villages_in_Tiruvannamalai_district", "id": 23835260}, {"name": "Villages_in_Nilgiris_district", "id": 23880999}, {"name": "Villages_in_Salem_district", "id": 23930053}, {"name": "Villages_in_Sivaganga_district", "id": 23930062}, {"name": "Villages_in_Vellore_district", "id": 23930212}, {"name": "Villages_in_Virudhunagar_district", "id": 23930225}, {"name": "Villages_in_Tiruchirappalli_district", "id": 34086022}, {"name": "Villages_in_Coimbatore_district", "id": 34744589}, {"name": "Villages_in_Cuddalore_district", "id": 34744606}, {"name": "Villages_in_Ariyalur_district", "id": 34744638}, {"name": "Villages_in_Erode_district", "id": 34753037}, {"name": "Villages_in_Dindigul_district", "id": 34753062}, {"name": "Villages_in_Dharmapuri_district", "id": 34753083}, {"name": "Villages_in_Kanchipuram_district", "id": 34754185}, {"name": "Villages_in_Namakkal_district", "id": 34767188}, {"name": "Villages_in_Nagapattinam_district", "id": 34767207}, {"name": "Villages_in_Madurai_district", "id": 34767230}, {"name": "Villages_in_Krishnagiri_district", "id": 34767251}, {"name": "Villages_in_Karur_district", "id": 34767290}, {"name": "Villages_in_Kanyakumari_district", "id": 34767307}, {"name": "Villages_in_Tiruvarur_district", "id": 34767650}, {"name": "Villages_in_Thanjavur_district", "id": 34768139}, {"name": "Villages_in_Tiruppur_district", "id": 37810509}, {"name": "Villages_in_Kallakurichi_district", "id": 59690039}, {"name": "Villages_in_Mayiladuthurai_district", "id": 63755710}, {"name": "Villages_in_Chengalpattu_district", "id": 63834466}, {"name": "Villages_in_Tenkasi_district", "id": 66095286}, {"name": "Villages_in_Mau_district", "id": 25208724}, {"name": "Villages_in_Bulandshahr_district", "id": 26152270}, {"name": "Villages_in_Muzaffarnagar_district", "id": 26938236}, {"name": "Villages_in_Gorakhpur_district", "id": 26938251}, {"name": "Villages_in_Varanasi_district", "id": 26938286}, {"name": "Villages_in_Bagpat_district", "id": 26938290}, {"name": "Villages_in_Mirzapur_district", "id": 26938306}, {"name": "Villages_in_Ballia_district", "id": 26938347}, {"name": "Villages_in_Azamgarh_district", "id": 26938360}, {"name": "Villages_in_Ayodhya_district", "id": 26938368}, {"name": "Villages_in_Jaunpur_district", "id": 26938447}, {"name": "Villages_in_Siddharthnagar_district", "id": 26938460}, {"name": "Villages_in_Deoria_district", "id": 26938496}, {"name": "Villages_in_Ghazipur_district", "id": 26938548}, {"name": "Villages_in_Lucknow_district", "id": 26938569}, {"name": "Villages_in_Unnao_district", "id": 26938575}, {"name": "Villages_in_Bijnor_district", "id": 26938577}, {"name": "Villages_in_Mathura_district", "id": 26938585}, {"name": "Villages_in_Agra_district", "id": 26938605}, {"name": "Villages_in_Prayagraj_district", "id": 26938647}, {"name": "Villages_in_Sultanpur_district", "id": 26938655}, {"name": "Villages_in_Aligarh_district", "id": 26938877}, {"name": "Villages_in_Jalaun_district", "id": 26938915}, {"name": "Villages_in_Saharanpur_district", "id": 26938981}, {"name": "Villages_in_Barabanki_district", "id": 26938995}, {"name": "Villages_in_Hardoi_district", "id": 26939063}, {"name": "Villages_in_Raebareli_district", "id": 26974710}, {"name": "Villages_in_Kanpur_Nagar_district", "id": 26974772}, {"name": "Villages_in_Bareilly_district", "id": 26974861}, {"name": "Villages_in_Chandauli_district", "id": 27306859}, {"name": "Villages_in_Firozabad_district", "id": 29211170}, {"name": "Villages_in_Ambedkar_Nagar_district", "id": 32039518}, {"name": "Villages_in_Bhadohi_district", "id": 33556279}, {"name": "Villages_in_Sonbhadra_district", "id": 33881783}, {"name": "Villages_in_Meerut_district", "id": 33917263}, {"name": "Villages_in_Budaun_district", "id": 34466072}, {"name": "Villages_in_Mainpuri_district", "id": 34466871}, {"name": "Villages_in_Pratapgarh_district,_Uttar_Pradesh", "id": 34744761}, {"name": "Villages_in_Ghaziabad_district,_India", "id": 34744815}, {"name": "Villages_in_Gautam_Buddh_Nagar_district", "id": 34774648}, {"name": "Villages_in_Amethi_district", "id": 38820335}, {"name": "Villages_in_Kanpur_Dehat_district", "id": 40937227}, {"name": "Villages_in_Shamli_district", "id": 40989104}, {"name": "Villages_in_West_Tripura_district", "id": 26963924}, {"name": "Villages_in_Kalaburagi_district", "id": 13258638}, {"name": "Villages_in_Bagalkot_district", "id": 20756661}, {"name": "Villages_in_Belagavi_district", "id": 20757258}, {"name": "Villages_in_Bellary_district", "id": 20767087}, {"name": "Villages_in_Bidar_district", "id": 20815655}, {"name": "Villages_in_Bijapur_district,_Karnataka", "id": 20816493}, {"name": "Villages_in_Chamarajanagar_district", "id": 20959213}, {"name": "Villages_in_Chitradurga_district", "id": 20960367}, {"name": "Villages_in_Dakshina_Kannada_district", "id": 20974026}, {"name": "Villages_in_Uttara_Kannada_district", "id": 21072524}, {"name": "Villages_in_Bangalore_Urban_district", "id": 21117650}, {"name": "Villages_in_Davanagere_district", "id": 22417290}, {"name": "Villages_in_Dharwad_district", "id": 22417701}, {"name": "Villages_in_Gadag_district", "id": 22418385}, {"name": "Villages_in_Hassan_district", "id": 22418845}, {"name": "Villages_in_Haveri_district", "id": 22419007}, {"name": "Villages_in_Kodagu_district", "id": 22419322}, {"name": "Villages_in_Kolar_district", "id": 22419450}, {"name": "Villages_in_Koppal_district", "id": 22420212}, {"name": "Villages_in_Mandya_district", "id": 22432706}, {"name": "Villages_in_Mysore_district", "id": 22433287}, {"name": "Villages_in_Raichur_district", "id": 22433998}, {"name": "Villages_in_Shimoga_district", "id": 22436219}, {"name": "Villages_in_Tumkur_district", "id": 22436471}, {"name": "Villages_in_Udupi_district", "id": 22437557}, {"name": "Villages_in_Bangalore_Rural_district", "id": 22450222}, {"name": "Villages_in_Chikkaballapur_district", "id": 25101329}, {"name": "Villages_in_Chikmagalur_district", "id": 34123815}, {"name": "Villages_in_Ramanagara_district", "id": 34364979}, {"name": "Villages_in_Yadgir_district", "id": 34364987}, {"name": "Villages_in_Giridih_district", "id": 26974154}, {"name": "Villages_in_Palamu_district", "id": 26974179}, {"name": "Villages_in_East_Singhbhum_district", "id": 26974196}, {"name": "Villages_in_Dhanbad_district", "id": 26974202}, {"name": "Villages_in_Bokaro_district", "id": 26974397}, {"name": "Villages_in_Dumka_district", "id": 26974398}, {"name": "Villages_in_Ranchi_district", "id": 26974407}, {"name": "Villages_in_Hazaribagh_district", "id": 33270633}, {"name": "Villages_in_Chatra_district", "id": 34419122}, {"name": "Villages_in_Deoghar_district", "id": 34419163}, {"name": "Villages_in_Godda_district", "id": 34419263}, {"name": "Villages_in_Gumla_district", "id": 34419298}, {"name": "Villages_in_Khunti_district", "id": 34419385}, {"name": "Villages_in_Koderma_district", "id": 34419493}, {"name": "Villages_in_Lohardaga_district", "id": 34419776}, {"name": "Villages_in_Sahibganj_district", "id": 34419936}, {"name": "Villages_in_Simdega_district", "id": 34419957}, {"name": "Villages_in_Ukhrul_district", "id": 26957515}, {"name": "Villages_in_Churachandpur_district", "id": 26957550}, {"name": "Villages_in_Senapati_district", "id": 26957572}, {"name": "Villages_in_Gyalshing_district", "id": 26963909}, {"name": "Villages_in_Karaikal_district", "id": 32040313}, {"name": "Villages_in_Puducherry_district", "id": 38406167}, {"name": "Villages_in_Andhra_Pradesh_Capital_Region", "id": 51485140}, {"name": "Villages_in_Krishna_district", "id": 9185607}, {"name": "Villages_in_Vizianagaram_district", "id": 9730523}, {"name": "Villages_in_Srikakulam_district", "id": 9909479}, {"name": "Villages_in_Anantapur_district", "id": 10029408}, {"name": "Villages_in_Chittoor_district", "id": 10068865}, {"name": "Villages_in_Prakasam_district", "id": 10068877}, {"name": "Villages_in_Guntur_district", "id": 10068893}, {"name": "Villages_in_West_Godavari_district", "id": 10068904}, {"name": "Villages_in_East_Godavari_district", "id": 10068965}, {"name": "Villages_in_Kurnool_district", "id": 10068971}, {"name": "Villages_in_Kadapa_district", "id": 34557632}, {"name": "Villages_in_Nellore_district", "id": 43675211}, {"name": "Villages_in_Tirupati_district", "id": 70487884}, {"name": "Villages_in_Annamayya_district", "id": 70515780}, {"name": "Villages_in_Kakinada_district", "id": 70802441}, {"name": "Villages_in_Konaseema_district", "id": 70833953}, {"name": "Villages_in_Eluru_district", "id": 70850090}, {"name": "Villages_in_Nandyal_district", "id": 70886901}, {"name": "Villages_in_Alluri_Sitharama_Raju_district", "id": 70893763}, {"name": "Villages_in_Sri_Sathya_Sai_district", "id": 70901730}, {"name": "Villages_in_NTR_district", "id": 70904199}, {"name": "Villages_in_Anakapalli_district", "id": 70982888}, {"name": "Villages_in_Parvathipuram_Manyam_district", "id": 70988057}, {"name": "Villages_in_Palnadu_district", "id": 70988201}, {"name": "Populated_places_on_the_Amazon", "id": 28109438}, {"name": "Arab_villages_in_Israel", "id": 15762395}, {"name": "Arab_villages_depopulated_during_the_1948_Arab–Israeli_War", "id": 27493609}, {"name": "Ports_and_harbours_of_Russia", "id": 10593007}, {"name": "Populated_coastal_places_in_Russia", "id": 27686050}, {"name": "Populated_places_on_Lake_Baikal", "id": 63643613}, {"name": "Populated_places_on_the_Volga", "id": 27688289}, {"name": "Populated_places_on_the_Yenisei_River", "id": 63639854}, {"name": "Populated_places_on_the_Ob_River", "id": 63643539}, {"name": "Populated_places_on_the_Lena_River", "id": 63648520}, {"name": "Populated_places_on_the_Kama_River", "id": 63656509}, {"name": "Company_towns", "id": 1020459}, {"name": "Spa_towns", "id": 2897431}, {"name": "Market_towns", "id": 27601242}, {"name": "Resort_towns", "id": 43472166}, {"name": "Book_towns", "id": 76701062}, {"name": "Urban-type_settlements_in_Belarus", "id": 19690632}, {"name": "Urban-type_settlements_in_Uzbekistan", "id": 70001402}]}