{"name": "Ushuaia", "id": 1213486, "predecessors": [{"name": "Canal_Beagle", "id": 4321268}, {"name": "Departamento_Ushuaia", "id": 4758449}, {"name": "Localidades_de_la_provincia_de_Tierra_del_Fuego,_Antártida_e_Islas_del_Atlántico_Sur", "id": 244954}, {"name": "Turismo_en_Tierra_del_Fuego,_Antártida_e_Islas_del_Atlántico_Sur", "id": 1809132}, {"name": "Geografía_de_América_del_Sur", "id": 51518}, {"name": "Ciudades", "id": 8905315}, {"name": "Geografía_de_Tierra_del_Fuego,_Antártida_e_Islas_del_Atlántico_Sur", "id": 1580119}], "successors": [{"name": "Penal_de_Ushuaia", "id": 3391437}]}