{"name": "Arte_del_País_Vasco", "id": 1573417, "predecessors": [{"name": "Arte_de_España", "id": 1569930}], "successors": [{"name": "Música_del_País_Vasco", "id": 445801}, {"name": "Arquitectura_del_País_Vasco", "id": 659421}, {"name": "Cuevas_prehistóricas_del_País_Vasco", "id": 1702305}, {"name": "Artistas_del_País_Vasco", "id": 4712975}, {"name": "Alfarería_y_cerámica_del_País_Vasco", "id": 7254477}, {"name": "Museos_de_Vizcaya", "id": 2240583}, {"name": "Museos_de_la_provincia_de_Guipúzcoa", "id": 9839045}, {"name": "Museos_etnográficos_del_País_Vasco", "id": 10385662}, {"name": "Monumentos_de_Guipúzcoa", "id": 403992}, {"name": "Teatros_del_País_Vasco", "id": 2626217}, {"name": "Dramaturgos_del_País_Vasco", "id": 5443279}, {"name": "Actores_del_País_Vasco", "id": 325714}, {"name": "Festival_Internacional_de_Cine_de_San_Sebastián", "id": 465906}, {"name": "Directores_de_cine_del_País_Vasco", "id": 901792}, {"name": "Películas_en_euskera", "id": 2892076}, {"name": "Películas_ambientadas_en_el_País_Vasco", "id": 4966120}]}