{"name": "Ciudad_de_la_Costa", "id": 2031096, "predecessors": [{"name": "Balnearios_de_Uruguay", "id": 332337}, {"name": "Costa_de_Oro", "id": 2029746}, {"name": "Localidades_del_departamento_de_Canelones", "id": 428611}, {"name": "Zona_metropolitana_de_Montevideo", "id": 534494}, {"name": "Arquitectura_de_Uruguay", "id": 193862}, {"name": "Geografía_política", "id": 1708360}, {"name": "Geografía_de_América_del_Sur", "id": 51518}], "successors": [{"name": "Barrios_de_Ciudad_de_la_Costa", "id": 5531244}]}