{"name": "Asentamientos", "id": 2374179, "predecessors": [{"name": "Entidades_subnacionales", "id": 365760}, {"name": "Geografía_de_la_población", "id": 2890741}, {"name": "Geografía_política", "id": 1708360}, {"name": "Planificación_Territorial", "id": 1122690}, {"name": "Población", "id": 409989}], "successors": [{"name": "Tipos_de_áreas_urbanas", "id": 3533456}, {"name": "Kibutz", "id": 4157221}, {"name": "Asentamientos_irregulares", "id": 6096107}, {"name": "Localidades_de_Estados_Unidos", "id": 150729}, {"name": "Municipios_de_Estados_Unidos", "id": 4305870}, {"name": "Lugares_designados_por_el_censo_en_Nevada", "id": 2120565}, {"name": "Lugares_designados_por_el_censo_en_California", "id": 2120568}, {"name": "Lugares_designados_por_el_censo_en_Pensilvania", "id": 3391544}, {"name": "Lugares_designados_por_el_censo_en_Nueva_York", "id": 3391552}, {"name": "Lugares_designados_por_el_censo_en_Utah", "id": 3832149}, {"name": "Lugares_designados_por_el_censo_en_Carolina_del_Sur", "id": 4108810}, {"name": "Lugares_designados_por_el_censo_en_Washington", "id": 4114070}, {"name": "Lugares_designados_por_el_censo_en_Rhode_Island", "id": 4153988}, {"name": "Lugares_designados_por_el_censo_en_Carolina_del_Norte", "id": 4257639}, {"name": "Lugares_designados_por_el_censo_en_Florida", "id": 4295403}, {"name": "Lugares_designados_por_el_censo_en_Alabama", "id": 4320048}, {"name": "Lugares_designados_por_el_censo_en_Luisiana", "id": 4375175}, {"name": "Lugares_designados_por_el_censo_en_Georgia_(Estados_Unidos)", "id": 4387280}, {"name": "Lugares_designados_por_el_censo_en_Hawái", "id": 4387593}, {"name": "Lugares_designados_por_el_censo_en_Wyoming", "id": 4388473}, {"name": "Lugares_designados_por_el_censo_en_Delaware", "id": 4394956}, {"name": "Lugares_designados_por_el_censo_en_Oregón", "id": 4397921}, {"name": "Lugares_designados_por_el_censo_en_Connecticut", "id": 4407895}, {"name": "Lugares_designados_por_el_censo_en_Arizona", "id": 4408596}, {"name": "Lugares_designados_por_el_censo_en_Virginia", "id": 4412539}, {"name": "Lugares_designados_por_el_censo_en_Colorado", "id": 4423674}, {"name": "Lugares_designados_por_el_censo_en_Misuri", "id": 4450938}, {"name": "Lugares_designados_por_el_censo_en_Alaska", "id": 4462074}, {"name": "Lugares_designados_por_el_censo_en_Nueva_Jersey", "id": 4471586}, {"name": "Lugares_designados_por_el_censo_en_Illinois", "id": 4488299}, {"name": "Lugares_designados_por_el_censo_en_Misisipi", "id": 4502136}, {"name": "Lugares_designados_por_el_censo_en_Vermont", "id": 4510723}, {"name": "Lugares_designados_por_el_censo_en_Maryland", "id": 4517244}, {"name": "Antiguos_lugares_designados_por_el_censo_de_Estados_Unidos", "id": 4580759}, {"name": "Lugares_designados_por_el_censo_en_Kansas", "id": 4591592}, {"name": "Lugares_designados_por_el_censo_en_Nuevo_México", "id": 4597925}, {"name": "Lugares_designados_por_el_censo_en_Míchigan", "id": 4653901}, {"name": "Lugares_designados_por_el_censo_en_Oklahoma", "id": 4658241}, {"name": "Lugares_designados_por_el_censo_en_Kentucky", "id": 4661884}, {"name": "Lugares_designados_por_el_censo_en_Virginia_Occidental", "id": 4664400}, {"name": "Lugares_designados_por_el_censo_en_Idaho", "id": 4669571}, {"name": "Lugares_designados_por_el_censo_en_Tennessee", "id": 4677259}, {"name": "Lugares_designados_por_el_censo_en_Arkansas", "id": 4681770}, {"name": "Lugares_designados_por_el_censo_en_Massachusetts", "id": 4683017}, {"name": "Lugares_designados_por_el_censo_en_Montana", "id": 4683983}, {"name": "Lugares_designados_por_el_censo_en_Texas", "id": 4689136}, {"name": "Lugares_designados_por_el_censo_en_Nuevo_Hampshire", "id": 4697121}, {"name": "Lugares_designados_por_el_censo_en_Maine", "id": 4698672}, {"name": "Lugares_designados_por_el_censo_en_Dakota_del_Sur", "id": 4699962}, {"name": "Lugares_designados_por_el_censo_en_Wisconsin", "id": 4708192}, {"name": "Lugares_designados_por_el_censo_en_Ohio", "id": 4708237}, {"name": "Lugares_designados_por_el_censo_en_Indiana", "id": 4708906}, {"name": "Lugares_designados_por_el_censo_en_Iowa", "id": 4718927}, {"name": "Lugares_designados_por_el_censo_en_Minnesota", "id": 4720936}, {"name": "Lugares_designados_por_el_censo_en_Nebraska", "id": 4721426}, {"name": "Lugares_designados_por_el_censo_en_Dakota_del_Norte", "id": 4723125}, {"name": "Localidades_de_Wyoming", "id": 307565}, {"name": "Localidades_de_Virginia", "id": 310914}, {"name": "Localidades_de_Rhode_Island", "id": 314913}, {"name": "Localidades_de_Washington", "id": 314917}, {"name": "Localidades_de_Utah", "id": 314919}, {"name": "Villas_de_Ohio", "id": 4212083}, {"name": "Villas_de_Míchigan", "id": 4353699}, {"name": "Villas_de_Illinois", "id": 4417486}, {"name": "Villas_de_Carolina_del_Norte", "id": 4431503}, {"name": "Villas_de_Misisipi", "id": 4503940}, {"name": "Villas_de_Vermont", "id": 4512372}, {"name": "Villas_de_Wisconsin", "id": 4666151}, {"name": "Villas_de_Florida", "id": 4669243}, {"name": "Villas_de_Luisiana", "id": 4684184}, {"name": "Villas_de_Nuevo_México", "id": 4693226}, {"name": "Villas_de_Texas", "id": 4694479}, {"name": "Villas_de_Misuri", "id": 4699752}, {"name": "Villas_de_Nebraska", "id": 4721066}, {"name": "Villas_de_Nueva_York", "id": 6321947}, {"name": "Pueblos_de_Washington", "id": 4375206}, {"name": "Pueblos_de_Georgia_(Estados_Unidos)", "id": 4391608}, {"name": "Pueblos_de_Nueva_Jersey", "id": 4470886}, {"name": "Pueblos_de_Maryland", "id": 4493973}, {"name": "Pueblos_de_Misisipi", "id": 4503937}, {"name": "Pueblos_de_Vermont", "id": 4507335}, {"name": "Pueblos_de_Connecticut", "id": 4535510}, {"name": "Pueblos_de_Nuevo_Hampshire", "id": 4551379}, {"name": "Pueblos_de_Rhode_Island", "id": 4552884}, {"name": "Pueblos_de_Carolina_del_Norte", "id": 4568676}, {"name": "Pueblos_de_Virginia", "id": 4578685}, {"name": "Pueblos_de_Maine", "id": 4578894}, {"name": "Pueblos_de_Wyoming", "id": 4590759}, {"name": "Pueblos_de_Oklahoma", "id": 4594611}, {"name": "Pueblos_de_Utah", "id": 4646276}, {"name": "Pueblos_de_Arizona", "id": 4662346}, {"name": "Pueblos_de_Alabama", "id": 4664011}, {"name": "Pueblos_de_Colorado", "id": 4664181}, {"name": "Pueblos_de_Virginia_Occidental", "id": 4664947}, {"name": "Pueblos_de_Florida", "id": 4669236}, {"name": "Pueblos_de_California", "id": 4669651}, {"name": "Pueblos_de_Tennessee", "id": 4677253}, {"name": "Pueblos_de_Arkansas", "id": 4678052}, {"name": "Pueblos_de_Luisiana", "id": 4679120}, {"name": "Pueblos_de_Illinois", "id": 4682039}, {"name": "Pueblos_de_Texas", "id": 4689127}, {"name": "Pueblos_de_Carolina_del_Sur", "id": 4690326}, {"name": "Pueblos_de_Montana", "id": 4690915}, {"name": "Pueblos_de_Nuevo_México", "id": 4694727}, {"name": "Pueblos_de_Misuri", "id": 4699756}, {"name": "Pueblos_de_Dakota_del_Sur", "id": 4700773}, {"name": "Pueblos_de_Massachusetts", "id": 4701370}, {"name": "Pueblos_de_Indiana", "id": 4701849}, {"name": "Pueblos_de_Wisconsin", "id": 4714001}, {"name": "Pueblos_de_Delaware", "id": 4745969}, {"name": "Pueblos_de_Puerto_Rico", "id": 4763634}, {"name": "Pueblos_de_Nueva_York", "id": 6321946}, {"name": "Boroughs_de_Pensilvania", "id": 3802481}, {"name": "Boroughs_de_Connecticut", "id": 4407860}, {"name": "Boroughs_de_Nueva_Jersey", "id": 4471178}, {"name": "Áreas_no_incorporadas_de_California", "id": 3512880}, {"name": "Áreas_no_incorporadas_de_Carolina_del_Sur", "id": 4098033}, {"name": "Áreas_no_incorporadas_de_Florida", "id": 4099292}, {"name": "Áreas_no_incorporadas_de_Nueva_York", "id": 4153857}, {"name": "Áreas_no_incorporadas_de_Texas", "id": 4169929}, {"name": "Áreas_no_incorporadas_de_Carolina_del_Norte", "id": 4257641}, {"name": "Áreas_no_incorporadas_de_Nevada", "id": 4295117}, {"name": "Áreas_no_incorporadas_de_Washington", "id": 4375337}, {"name": "Áreas_no_incorporadas_de_Hawái", "id": 4387656}, {"name": "Áreas_no_incorporadas_de_Delaware", "id": 4395232}, {"name": "Áreas_no_incorporadas_de_Oregón", "id": 4397722}, {"name": "Áreas_no_incorporadas_de_Pensilvania", "id": 4419681}, {"name": "Áreas_no_incorporadas_de_Alaska", "id": 4498204}, {"name": "Áreas_no_incorporadas_de_Vermont", "id": 4512879}, {"name": "Áreas_no_incorporadas_de_Illinois", "id": 4675542}, {"name": "Áreas_no_incorporadas_de_Arkansas", "id": 4677909}, {"name": "Áreas_no_incorporadas_de_Ohio", "id": 4825279}, {"name": "Áreas_no_incorporadas_de_Virginia_Occidental", "id": 4825342}, {"name": "Áreas_no_incorporadas_de_Indiana", "id": 4974499}, {"name": "Áreas_no_incorporadas_de_Alabama", "id": 5219714}, {"name": "Áreas_no_incorporadas_de_Kentucky", "id": 5599161}, {"name": "Asentamientos_fundados_en_el_VII_milenio_a._C.", "id": 5330746}, {"name": "Asentamientos_fundados_en_el_VIII_milenio_a._C.", "id": 5330760}, {"name": "Despoblados", "id": 1307345}, {"name": "Ciudades_destruidas", "id": 3106558}, {"name": "Ciudades_sumergidas", "id": 5330963}, {"name": "Antiguos_asentamientos_en_Grecia", "id": 5330889}, {"name": "Antiguos_asentamientos_en_los_Balcanes", "id": 5330924}, {"name": "Antiguos_asentamientos_en_Rusia", "id": 5330964}, {"name": "Despoblados_de_Croacia", "id": 8791815}, {"name": "Antiguos_asentamientos_en_Siria", "id": 6036007}, {"name": "Antiguos_asentamientos_en_Irak", "id": 6407833}, {"name": "Antiguos_asentamientos_en_Irán", "id": 7575818}, {"name": "Antiguos_asentamientos_en_Argelia", "id": 8280320}, {"name": "Antiguos_asentamientos_de_Afganistán", "id": 8734079}, {"name": "Antiguos_asentamientos_en_Egipto", "id": 8991053}, {"name": "Nueva_York", "id": 88455}, {"name": "Brooklyn", "id": 1473082}, {"name": "Manhattan", "id": 1749008}, {"name": "El_Bronx", "id": 1836766}, {"name": "Long_Island", "id": 1845022}, {"name": "Búfalo", "id": 3350906}, {"name": "Amityville", "id": 4212087}]}