{"name": "Localidades_de_Palestina", "id": 316896, "predecessors": [{"name": "Localidades", "id": 104681}, {"name": "Geografía_de_Palestina", "id": 1254842}], "successors": [{"name": "Localidades_de_la_Franja_de_Gaza", "id": 5480917}, {"name": "Localidades_de_Cisjordania", "id": 5480925}, {"name": "Jerusalén", "id": 349596}, {"name": "Belén", "id": 5556120}, {"name": "Hebrón", "id": 6023432}, {"name": "Yenín", "id": 6887694}, {"name": "Jericó", "id": 6887699}, {"name": "Nablus", "id": 6887700}, {"name": "Ciudad_de_Gaza", "id": 6889103}]}