{"name": "Localidades_de_la_provincia_de_La_Coruña", "id": 3200313, "predecessors": [{"name": "Geografía_de_la_provincia_de_La_Coruña", "id": 1444986}, {"name": "Geografía_de_Europa", "id": 50947}], "successors": [{"name": "Santiago_de_Compostela", "id": 98626}, {"name": "La_Coruña", "id": 407186}, {"name": "Localidades_de_Puerto_del_Son", "id": 5349294}, {"name": "Carballo", "id": 6608417}, {"name": "Ortigueira", "id": 7572397}, {"name": "Finisterre_(España)", "id": 8138786}, {"name": "Despoblados_de_la_provincia_de_La_Coruña", "id": 8694028}, {"name": "Vedra", "id": 8769597}, {"name": "Oleiros_(La_Coruña)", "id": 8789558}, {"name": "Ribeira", "id": 8912360}, {"name": "Padrón_(La_Coruña)", "id": 8926026}, {"name": "Cabañas_(La_Coruña)", "id": 8926117}, {"name": "Malpica_de_Bergantiños", "id": 8926262}, {"name": "Muros_(La_Coruña)", "id": 8926281}, {"name": "Puentedeume", "id": 8926297}, {"name": "Parroquias_de_Rois", "id": 1853843}, {"name": "Localidades_de_Rois", "id": 9314060}, {"name": "Parroquias_de_Culleredo", "id": 4867565}, {"name": "Parroquias_de_Sada", "id": 9322612}, {"name": "Localidades_de_Noya", "id": 5272777}, {"name": "Nacidos_en_Noya", "id": 10108826}, {"name": "Ferrol", "id": 2820071}, {"name": "Parroquias_de_Oroso", "id": 7382214}, {"name": "Parroquias_de_Vimianzo", "id": 8024505}, {"name": "Localidades_de_Vimianzo", "id": 9354869}, {"name": "Parroquias_de_Puerto_del_Son", "id": 3589170}, {"name": "Localidades_de_Ares", "id": 8842635}, {"name": "Parroquias_de_Arzúa", "id": 3878847}, {"name": "Localidades_de_Arzúa", "id": 8867741}, {"name": "Despoblados_de_Arzúa", "id": 8878606}, {"name": "Localidades_de_Lousame", "id": 4994300}, {"name": "Parroquias_de_Zas", "id": 8744395}, {"name": "Localidades_de_Zas", "id": 8789562}, {"name": "Localidades_de_La_Baña_(La_Coruña)", "id": 8789573}, {"name": "Parroquias_de_La_Baña", "id": 8796333}, {"name": "Nacidos_en_Cee", "id": 9122673}, {"name": "Parroquias_de_Arteijo", "id": 8425532}, {"name": "Localidades_de_Arteijo", "id": 8790017}, {"name": "Nacidos_en_Arteijo", "id": 9851411}, {"name": "Parroquias_de_Coristanco", "id": 8797697}, {"name": "Localidades_de_Coristanco", "id": 9567651}, {"name": "Parroquias_de_Boimorto", "id": 8799942}, {"name": "Localidades_de_Boimorto", "id": 8893216}, {"name": "Parroquias_de_Boiro", "id": 3589202}, {"name": "Localidades_de_Boiro", "id": 8806996}, {"name": "Nacidos_en_Boiro", "id": 9877095}, {"name": "Localidades_de_Outes", "id": 8912354}, {"name": "Parroquias_de_Outes", "id": 9129518}, {"name": "Parroquias_de_Cambre", "id": 3589108}, {"name": "Localidades_de_Cerceda", "id": 9565289}, {"name": "Parroquias_de_Frades", "id": 8744390}, {"name": "Parroquias_de_Mazaricos", "id": 9037031}, {"name": "Parroquias_de_Mellid", "id": 9027534}, {"name": "Parroquias_de_Mesía", "id": 9039881}, {"name": "Parroquias_de_Negreira", "id": 5431178}, {"name": "Localidades_de_Negreira", "id": 9020011}, {"name": "Parroquias_de_Órdenes", "id": 9266362}, {"name": "Nacidos_en_Órdenes", "id": 9851587}, {"name": "Parroquias_de_El_Pino", "id": 3589183}, {"name": "Parroquias_de_Puentes_de_García_Rodríguez", "id": 9308118}, {"name": "Parroquias_de_Santa_Comba", "id": 9331031}, {"name": "Localidades_de_Santa_Comba", "id": 9331036}, {"name": "Parroquias_de_Santiso", "id": 9336995}, {"name": "Localidades_de_Santiso", "id": 9337004}, {"name": "Parroquias_de_Sobrado_(La_Coruña)", "id": 9337936}, {"name": "Parroquias_de_Toques", "id": 9352765}, {"name": "Parroquias_de_Touro", "id": 3254346}, {"name": "Parroquias_de_Trazo", "id": 9099340}, {"name": "Localidades_de_Cedeira", "id": 8978149}, {"name": "Parroquias_de_Fene", "id": 8744411}, {"name": "Parroquias_de_Laracha", "id": 8998424}, {"name": "Parroquias_de_Miño", "id": 9040094}, {"name": "Nacidos_en_Mugardos", "id": 10262234}, {"name": "Parroquias_de_Paderne", "id": 9295182}, {"name": "Parroquias_de_Puenteceso", "id": 8786769}, {"name": "Parroquias_de_Valdoviño", "id": 9062243}]}