{"name": "Localidades_de_la_provincia_de_Pontevedra", "id": 3200578, "predecessors": [{"name": "Geografía_de_la_provincia_de_Pontevedra", "id": 1445104}, {"name": "Geografía_de_Europa", "id": 50947}], "successors": [{"name": "Villagarcía_de_Arosa", "id": 532016}, {"name": "Sangenjo", "id": 3333452}, {"name": "Redondela", "id": 4267174}, {"name": "Cangas_de_Morrazo", "id": 4744532}, {"name": "La_Estrada", "id": 4944315}, {"name": "Porriño", "id": 5395134}, {"name": "Lalín", "id": 7337400}, {"name": "Cambados", "id": 7975263}, {"name": "Tuy_(Pontevedra)", "id": 8011921}, {"name": "Bueu", "id": 8924632}, {"name": "Parroquias_de_Puenteareas", "id": 3558283}, {"name": "Nacidos_en_Puenteareas", "id": 10258942}, {"name": "Pontevedra", "id": 763747}, {"name": "Vigo", "id": 929560}, {"name": "El_Grove", "id": 7989534}, {"name": "Parroquias_de_La_Cañiza", "id": 6297055}, {"name": "Parroquias_de_Cerdedo-Cotobade", "id": 3592720}, {"name": "Parroquias_de_Covelo", "id": 10623086}, {"name": "Parroquias_de_Dozón", "id": 8457474}, {"name": "Parroquias_de_Golada", "id": 3562842}, {"name": "Parroquias_de_Gondomar", "id": 3619125}, {"name": "Parroquias_de_Mondariz", "id": 4882215}, {"name": "Parroquias_de_Moraña", "id": 10625555}, {"name": "Parroquias_de_Las_Nieves_(Pontevedra)", "id": 8729932}, {"name": "Parroquias_de_Pazos_de_Borbén", "id": 8745393}, {"name": "Parroquias_de_Salvatierra_de_Miño", "id": 3562988}, {"name": "Parroquias_de_Silleda", "id": 3572862}, {"name": "Parroquias_de_Tomiño", "id": 3254158}, {"name": "Parroquias_de_Villa_de_Cruces", "id": 3572823}, {"name": "Nacidos_en_Nigrán", "id": 10335381}]}