{"name": "Localidades_de_La_Palma", "id": 327277, "predecessors": [{"name": "Geografía_de_Canarias", "id": 206875}, {"name": "Geografía_de_La_Palma", "id": 1970845}], "successors": [{"name": "Garafía", "id": 2868721}, {"name": "Santa_Cruz_de_La_Palma", "id": 4097807}, {"name": "Los_Llanos_de_Aridane", "id": 7669103}, {"name": "El_Paso_(La_Palma)", "id": 7855956}, {"name": "Barlovento_(La_Palma)", "id": 8172426}, {"name": "Fuencaliente_de_La_Palma", "id": 8172582}, {"name": "San_Andrés_y_Sauces", "id": 8175915}, {"name": "Puntallana", "id": 8180414}, {"name": "Villa_de_Mazo", "id": 8181760}]}