{"name": "Ciudades_de_fundación_colonial_de_la_Capitanía_General_de_Chile", "id": 4698778, "predecessors": [{"name": "Capitanía_General_de_Chile", "id": 4698748}], "successors": [{"name": "La_Serena", "id": 328340}, {"name": "Concepción_(Chile)", "id": 507131}, {"name": "Mendoza_(Argentina)", "id": 1162491}, {"name": "Chillán", "id": 1517726}, {"name": "Valdivia", "id": 1842753}, {"name": "Copiapó", "id": 1842767}, {"name": "Talca", "id": 2046804}, {"name": "Quillota", "id": 2907115}, {"name": "Ciudad_de_San_Juan_(Argentina)", "id": 3532500}, {"name": "San_Felipe_(Chile)", "id": 3670864}, {"name": "San_Fernando_(Chile)", "id": 4196860}, {"name": "Osorno", "id": 4196878}, {"name": "Los_Andes_(Chile)", "id": 4196894}, {"name": "Calbuco", "id": 4710649}, {"name": "Ancud", "id": 4741940}, {"name": "Ciudad_de_Santiago_del_Estero", "id": 4743019}, {"name": "Ciudad_de_San_Luis", "id": 4931978}, {"name": "Castro_(Chile)", "id": 5084990}, {"name": "Cañete_(Chile)", "id": 7356594}, {"name": "San_Carlos_(Chile)", "id": 8603408}, {"name": "Nacidos_en_Carahue", "id": 3282809}, {"name": "Nacidos_en_Constitución_(Chile)", "id": 10128098}]}