{"name": "Municipios_de_Puerto_Rico", "id": 4751524, "predecessors": [{"name": "Municipios_de_Estados_Unidos", "id": 4305870}, {"name": "Geografía_de_Puerto_Rico", "id": 304233}], "successors": [{"name": "San_Juan_(Puerto_Rico)", "id": 1434309}, {"name": "Mayagüez", "id": 2455256}, {"name": "Ponce", "id": 4805637}, {"name": "Arecibo", "id": 4805749}, {"name": "Bayamón", "id": 4805886}, {"name": "Localidades_de_Camuy", "id": 4751519}, {"name": "Localidades_de_Lares", "id": 4788185}, {"name": "Localidades_de_Fajardo_(Puerto_Rico)", "id": 4788727}, {"name": "Localidades_de_Isabela_(Puerto_Rico)", "id": 4788755}, {"name": "Localidades_de_San_Juan_(Puerto_Rico)", "id": 4793712}, {"name": "Localidades_de_San_Sebastián_(Puerto_Rico)", "id": 4793793}, {"name": "Localidades_de_Río_Grande", "id": 4805534}, {"name": "Localidades_de_Juana_Díaz", "id": 4805546}, {"name": "Localidades_de_Jayuya", "id": 4805557}, {"name": "Localidades_de_Vega_Baja", "id": 4805560}, {"name": "Localidades_de_Adjuntas", "id": 4805566}, {"name": "Localidades_de_Yauco", "id": 4805582}, {"name": "Localidades_de_Yabucoa", "id": 4805589}, {"name": "Localidades_de_Moca", "id": 4805593}, {"name": "Localidades_de_Utuado", "id": 4805601}, {"name": "Localidades_de_Villalba_(Puerto_Rico)", "id": 4805606}, {"name": "Localidades_de_Aguadilla", "id": 4805613}, {"name": "Localidades_de_Cayey", "id": 4805620}, {"name": "Localidades_de_Comerío", "id": 4805626}, {"name": "Localidades_de_Vega_Alta", "id": 4805633}, {"name": "Localidades_de_Ponce", "id": 4805636}, {"name": "Localidades_de_Juncos", "id": 4805639}, {"name": "Localidades_de_Morovis", "id": 4805644}, {"name": "Localidades_de_Caguas", "id": 4805651}, {"name": "Localidades_de_San_Germán", "id": 4805655}, {"name": "Localidades_de_Maunabo", "id": 4805660}, {"name": "Localidades_de_Carolina", "id": 4805664}, {"name": "Localidades_de_Trujillo_Alto", "id": 4805668}, {"name": "Localidades_de_Ciales", "id": 4805693}, {"name": "Localidades_de_Cidra", "id": 4805703}, {"name": "Localidades_de_Toa_Alta", "id": 4805714}, {"name": "Localidades_de_Manatí", "id": 4805722}, {"name": "Localidades_de_Quebradillas", "id": 4805732}, {"name": "Localidades_de_Humacao", "id": 4805739}, {"name": "Localidades_de_Las_Piedras", "id": 4805742}, {"name": "Localidades_de_Arecibo", "id": 4805746}, {"name": "Localidades_de_Peñuelas", "id": 4805752}, {"name": "Localidades_de_Naranjito", "id": 4805771}, {"name": "Localidades_de_Las_Marías", "id": 4805776}, {"name": "Localidades_de_Patillas", "id": 4805782}, {"name": "Localidades_de_Guánica", "id": 4805789}, {"name": "Localidades_de_Aibonito", "id": 4805808}, {"name": "Localidades_de_Aguada", "id": 4805813}, {"name": "Localidades_de_Rincón", "id": 4805819}, {"name": "Localidades_de_Aguas_Buenas", "id": 4805823}, {"name": "Localidades_de_Cabo_Rojo", "id": 4805834}, {"name": "Localidades_de_Barranquitas", "id": 4805845}, {"name": "Localidades_de_Guayanilla", "id": 4805854}, {"name": "Localidades_de_Orocovis", "id": 4805865}, {"name": "Localidades_de_Mayagüez", "id": 4805879}, {"name": "Localidades_de_Bayamón", "id": 4805885}, {"name": "Localidades_de_Hatillo", "id": 4805889}, {"name": "Localidades_de_Santa_Isabel", "id": 4805901}, {"name": "Localidades_de_Añasco", "id": 4805937}, {"name": "Localidades_de_Guayama", "id": 4805949}, {"name": "Localidades_de_Guaynabo", "id": 4805972}, {"name": "Localidades_de_Lajas", "id": 4805998}, {"name": "Localidades_de_San_Lorenzo", "id": 4806059}, {"name": "Localidades_de_Gurabo", "id": 4806092}, {"name": "Localidades_de_Corozal", "id": 4806119}, {"name": "Localidades_de_Coamo", "id": 4806135}, {"name": "Localidades_de_Naguabo", "id": 4806414}, {"name": "Nacidos_en_Aguadilla", "id": 4645384}]}