{"name": "Ciudades_del_siglo_XX_de_México", "id": 5104239, "predecessors": [{"name": "Arquitectura_de_México", "id": 146888}, {"name": "Localidades_de_México", "id": 97762}], "successors": [{"name": "Naucalpan_de_Juárez", "id": 2351993}, {"name": "Zapopan", "id": 2803166}, {"name": "Mexicali", "id": 3288586}, {"name": "Cancún", "id": 4407353}, {"name": "Playa_del_Carmen", "id": 4407619}, {"name": "Guasave", "id": 5167716}, {"name": "La_Paz_(Baja_California_Sur)", "id": 6025696}, {"name": "Torreón", "id": 6025968}, {"name": "Los_Mochis", "id": 6027014}, {"name": "Nezahualcóyotl_(estado_de_México)", "id": 6027245}, {"name": "Ciudad_Obregón", "id": 6028075}, {"name": "Tula_de_Allende", "id": 6418552}, {"name": "Localidades_de_Huixquilucan", "id": 7110207}, {"name": "Epónimos_de_Lázaro_Cárdenas", "id": 6894685}, {"name": "Nacidos_en_Poza_Rica_de_Hidalgo", "id": 10430344}, {"name": "Nacidos_en_Tlaquepaque", "id": 10455811}, {"name": "Nacidos_en_San_Pedro_Garza_García", "id": 10429264}, {"name": "Localidades_del_municipio_de_Mineral_de_la_Reforma", "id": 9739292}]}