{"name": "Localidades_de_Río_de_Janeiro", "id": 514085, "predecessors": [{"name": "Geografía_de_Río_de_Janeiro", "id": 4210492}, {"name": "Geografía_de_América_del_Sur", "id": 51518}], "successors": [{"name": "Río_de_Janeiro", "id": 939706}, {"name": "Niterói", "id": 4893402}, {"name": "Petrópolis", "id": 4893421}, {"name": "Nacidos_en_São_Gonçalo", "id": 9809134}, {"name": "Nacidos_en_Duque_de_Caxias", "id": 9809131}, {"name": "Nacidos_en_Nova_Iguaçu", "id": 9809179}, {"name": "Nacidos_en_Campos_dos_Goytacazes", "id": 9806709}, {"name": "Nacidos_en_Volta_Redonda", "id": 9809165}, {"name": "Nacidos_en_Nova_Friburgo", "id": 9806714}]}