{"name": "Municipios_de_Quebec", "id": 5970310, "predecessors": [{"name": "Geografía_de_Quebec", "id": 1629171}], "successors": [{"name": "Cantones_de_Quebec", "id": 5165680}, {"name": "Ciudades_de_Quebec", "id": 5309862}, {"name": "Municipios_de_la_aglomeración_de_Montreal", "id": 6336753}, {"name": "Municipios_de_Lanaudière", "id": 6613304}, {"name": "Municipio_de_Argenteuil", "id": 6299863}, {"name": "Sherbrooke", "id": 6263468}, {"name": "Municipios_de_Montérégie_Este", "id": 6547453}, {"name": "Municipios_de_Vaudreuil-Soulanges", "id": 6431679}, {"name": "Municipios_de_Haut-Saint-Laurent", "id": 6561879}, {"name": "Municipios_de_Les_Jardins-de-Napierville", "id": 6819338}, {"name": "Municipios_de_Roussillon", "id": 6823826}, {"name": "Gatineau", "id": 5419274}, {"name": "Trois-Rivières", "id": 6289599}]}