{"name": "Películas_ambientadas_en_España", "id": 6109444, "predecessors": [{"name": "Cine_de_España", "id": 108352}, {"name": "Historia_de_España_en_el_cine", "id": 6379152}, {"name": "Películas_ambientadas_en_Europa", "id": 6485054}, {"name": "Creatividad", "id": 1831832}, {"name": "Cultura_de_España", "id": 55400}], "successors": [{"name": "Películas_sobre_ETA", "id": 630726}, {"name": "Películas_sobre_la_guerra_civil_española", "id": 1878644}, {"name": "Películas_sobre_Don_Quijote", "id": 2154576}, {"name": "Películas_sobre_la_guerra_de_la_Independencia_española", "id": 2281820}, {"name": "Películas_sobre_la_Transición_española", "id": 4528624}, {"name": "Películas_sobre_el_franquismo", "id": 4665381}, {"name": "Películas_sobre_la_Segunda_República_Española", "id": 8444617}, {"name": "Películas_ambientadas_en_Navarra", "id": 3489953}, {"name": "Películas_ambientadas_en_la_Comunidad_de_Madrid", "id": 4960618}, {"name": "Películas_ambientadas_en_Castilla_y_León", "id": 4966105}, {"name": "Películas_ambientadas_en_el_País_Vasco", "id": 4966120}, {"name": "Películas_ambientadas_en_la_Comunidad_Valenciana", "id": 4966253}, {"name": "Películas_ambientadas_en_Andalucía", "id": 4966258}, {"name": "Películas_ambientadas_en_Canarias", "id": 4966262}, {"name": "Películas_ambientadas_en_Extremadura", "id": 4966263}, {"name": "Películas_ambientadas_en_Castilla-La_Mancha", "id": 4966267}, {"name": "Películas_ambientadas_en_la_Región_de_Murcia", "id": 4966369}, {"name": "Películas_ambientadas_en_Aragón", "id": 4966372}, {"name": "Películas_ambientadas_en_Cataluña", "id": 4966376}, {"name": "Películas_ambientadas_en_las_Islas_Baleares", "id": 4966388}, {"name": "Películas_ambientadas_en_Asturias", "id": 4966425}, {"name": "Películas_ambientadas_en_Galicia", "id": 4966473}, {"name": "Películas_ambientadas_en_Cantabria", "id": 4967437}, {"name": "Películas_españolas_ambientadas_en_el_siglo_XIX", "id": 4966449}, {"name": "Películas_españolas_ambientadas_en_el_siglo_XVII", "id": 4966477}, {"name": "Películas_españolas_ambientadas_en_el_siglo_XVI", "id": 4967396}, {"name": "Películas_españolas_ambientadas_en_el_siglo_XV", "id": 4967400}, {"name": "Películas_ambientadas_en_Madrid", "id": 4960613}, {"name": "Películas_ambientadas_en_Barcelona", "id": 4967430}, {"name": "Películas_ambientadas_en_Sevilla", "id": 4967445}, {"name": "Películas_ambientadas_en_Málaga", "id": 4967448}, {"name": "Películas_ambientadas_en_Valencia", "id": 10281910}, {"name": "Películas_ambientadas_en_Bilbao", "id": 10595010}]}