{"name": "Geografía_del_Caribe", "id": 6284204, "predecessors": [{"name": "Geografía_de_América_Central", "id": 51530}, {"name": "América_Central", "id": 51491}], "successors": [{"name": "Océano_Pacífico", "id": 926790}, {"name": "Arrecife_Mesoamericano", "id": 4232491}, {"name": "Bahías_del_Caribe", "id": 6448272}, {"name": "Montañas_de_Cuba", "id": 4995153}, {"name": "Ríos_de_la_República_Dominicana", "id": 1156731}, {"name": "Ríos_de_Cuba", "id": 1224729}, {"name": "Ríos_de_Puerto_Rico", "id": 5004878}, {"name": "Ríos_de_la_vertiente_del_Atlántico_en_Colombia", "id": 2446344}, {"name": "Ríos_de_la_vertiente_del_mar_Caribe_en_Venezuela", "id": 2928100}, {"name": "Ríos_de_la_vertiente_del_mar_Caribe_de_Guatemala", "id": 5445049}, {"name": "Ríos_de_la_vertiente_del_mar_Caribe_de_Honduras", "id": 5445050}, {"name": "Ríos_de_la_vertiente_del_mar_Caribe_de_Costa_Rica", "id": 5445468}, {"name": "Ríos_de_la_vertiente_del_mar_Caribe_de_Panamá", "id": 5445519}, {"name": "Península_de_La_Guajira", "id": 6981103}, {"name": "Lagos_de_Puerto_Rico", "id": 3609041}, {"name": "Playas_de_Cuba", "id": 2660716}, {"name": "Playas_de_República_Dominicana", "id": 4107450}, {"name": "Playas_de_Curazao", "id": 5420181}, {"name": "Geografía_de_Cuba", "id": 111867}, {"name": "Océano_Atlántico", "id": 1275552}, {"name": "Archipiélagos_e_islas_de_Bahamas", "id": 2981923}, {"name": "Triángulo_de_las_Bermudas", "id": 4965943}, {"name": "Archipiélagos_e_islas_de_Haití", "id": 2982015}, {"name": "Departamentos_de_Haití", "id": 267109}, {"name": "Localidades_de_Haití", "id": 267667}, {"name": "Distritos_de_Haití", "id": 5533714}, {"name": "Secciones_de_comuna_de_Haití", "id": 8136810}, {"name": "Archipiélagos_e_islas_de_Trinidad_y_Tobago", "id": 2982135}, {"name": "Localidades_de_Trinidad_y_Tobago", "id": 267682}, {"name": "Frontera_Trinidad_y_Tobago-Venezuela", "id": 4518440}, {"name": "Tobago", "id": 6920913}, {"name": "Villas_de_Trinidad_y_Tobago", "id": 10610957}, {"name": "Localidades_de_Jamaica", "id": 398908}, {"name": "Parroquias_de_Jamaica", "id": 2129060}, {"name": "Parroquias_de_Barbados", "id": 173540}, {"name": "Localidades_de_Dominica", "id": 164676}, {"name": "Parroquias_de_Dominica", "id": 2317405}, {"name": "Archipiélagos_e_islas_de_Antigua_y_Barbuda", "id": 2981917}, {"name": "Localidades_de_Antigua_y_Barbuda", "id": 735730}, {"name": "Localidades_de_San_Cristóbal_y_Nieves", "id": 1525591}, {"name": "Parroquias_de_San_Cristóbal_y_Nieves", "id": 2326530}, {"name": "Archipiélagos_e_islas_de_San_Vicente_y_las_Granadinas", "id": 2982117}, {"name": "Archipiélagos_e_islas_de_República_Dominicana", "id": 2982101}, {"name": "Geografía_de_Santo_Domingo", "id": 7107848}, {"name": "Diócesis_de_la_República_Dominicana", "id": 7238984}, {"name": "Nacidos_en_la_provincia_Hato_Mayor", "id": 3249772}, {"name": "Nacidos_en_la_provincia_Santo_Domingo", "id": 3237047}, {"name": "Distritos_municipales_de_Azua", "id": 7789723}, {"name": "Nacidos_en_la_provincia_Puerto_Plata", "id": 4301255}, {"name": "Nacidos_en_la_provincia_La_Romana", "id": 3237259}, {"name": "Parques_nacionales_de_República_Dominicana", "id": 7642758}, {"name": "Nacidos_en_la_provincia_El_Seibo", "id": 3275056}, {"name": "Nacidos_en_la_provincia_Azua", "id": 4301179}, {"name": "Nacidos_en_la_provincia_Barahona", "id": 3249761}, {"name": "Municipios_de_Barahona", "id": 7764395}, {"name": "Nacidos_en_la_provincia_Duarte", "id": 3241804}, {"name": "Nacidos_en_la_provincia_Hermanas_Mirabal", "id": 3265367}, {"name": "Nacidos_en_la_provincia_La_Altagracia", "id": 4074062}, {"name": "Nacidos_en_la_provincia_La_Vega", "id": 4301156}, {"name": "Nacidos_en_la_provincia_María_Trinidad_Sánchez", "id": 4118949}, {"name": "Nacidos_en_la_provincia_Monseñor_Nouel", "id": 3280313}, {"name": "Nacidos_en_la_provincia_Montecristi", "id": 3249446}, {"name": "Nacidos_en_la_provincia_Monte_Plata", "id": 3241817}, {"name": "Nacidos_en_la_provincia_Peravia", "id": 3275494}, {"name": "Municipios_de_Puerto_Plata", "id": 7790483}, {"name": "Nacidos_en_la_provincia_Samaná", "id": 4742577}, {"name": "Nacidos_en_la_provincia_Sánchez_Ramírez", "id": 4511026}, {"name": "Nacidos_en_la_provincia_San_Juan", "id": 3275106}, {"name": "Nacidos_en_la_provincia_Santiago_Rodríguez", "id": 3288701}, {"name": "Nacidos_en_la_provincia_Santiago", "id": 4301320}, {"name": "Nacidos_en_la_provincia_San_Pedro_de_Macorís", "id": 3249934}, {"name": "Localidades_de_San_Pedro_de_Macorís", "id": 7790845}, {"name": "Municipio_de_San_Fernando", "id": 8673451}, {"name": "Nacidos_en_la_provincia_Espaillat", "id": 3242057}, {"name": "Nacidos_en_la_provincia_Valverde", "id": 3275315}, {"name": "Países_del_mar_Caribe", "id": 1837581}, {"name": "Localidades_de_Bahamas", "id": 290639}, {"name": "Distritos_de_Bahamas", "id": 8676675}, {"name": "Distritos_de_Santa_Lucía", "id": 83811}, {"name": "Localidades_de_Santa_Lucía", "id": 4414759}, {"name": "Anguila", "id": 74509}, {"name": "Guadalupe", "id": 213442}, {"name": "Curazao", "id": 1430903}, {"name": "Localidades_de_Puerto_Rico", "id": 122241}, {"name": "Localidades_de_Curazao", "id": 5420178}, {"name": "Capitales_del_Caribe", "id": 6284200}, {"name": "Bridgetown", "id": 5871716}, {"name": "Santo_Domingo", "id": 1285008}, {"name": "La_Habana", "id": 1264326}, {"name": "Melena_del_Sur", "id": 2934522}, {"name": "Holguín", "id": 4604186}, {"name": "Santiago_de_Cuba", "id": 4609952}, {"name": "Camagüey", "id": 4610018}, {"name": "Matanzas_(Cuba)", "id": 7020664}, {"name": "Santiago_de_los_Caballeros", "id": 5947485}, {"name": "San_Pedro_de_Macorís", "id": 5947972}, {"name": "San_Felipe_de_Puerto_Plata", "id": 5947982}, {"name": "Localidades_de_la_provincia_de_Villa_Clara", "id": 4608310}, {"name": "Localidades_de_la_provincia_de_La_Habana", "id": 4608313}, {"name": "Localidades_de_la_provincia_de_Camagüey", "id": 4608525}, {"name": "Localidades_de_la_provincia_de_Ciego_de_Ávila", "id": 4608536}, {"name": "Localidades_de_la_provincia_de_Pinar_del_Río", "id": 4608540}, {"name": "Localidades_de_la_provincia_de_Matanzas", "id": 4608558}, {"name": "Localidades_de_la_provincia_de_Mayabeque", "id": 4608569}, {"name": "Localidades_de_la_provincia_de_Holguín", "id": 4608576}, {"name": "Localidades_de_la_provincia_de_Sancti_Spíritus", "id": 4608581}, {"name": "Localidades_de_la_provincia_de_Guantánamo", "id": 4608586}, {"name": "Localidades_de_la_provincia_de_Granma", "id": 4608621}, {"name": "Municipios_de_la_provincia_de_Guantánamo", "id": 4604153}, {"name": "Municipios_de_la_provincia_de_Artemisa", "id": 4604232}, {"name": "Municipios_de_la_provincia_de_Mayabeque", "id": 4604283}, {"name": "Municipios_de_la_provincia_de_Camagüey", "id": 4604325}, {"name": "Municipios_de_la_provincia_de_Matanzas", "id": 4604367}, {"name": "Municipios_de_la_provincia_de_Pinar_del_Río", "id": 4604453}, {"name": "Municipios_de_la_provincia_de_Villa_Clara", "id": 4604466}, {"name": "Municipios_de_la_provincia_de_La_Habana", "id": 4604592}, {"name": "Municipios_de_la_provincia_de_Holguín", "id": 4604594}, {"name": "Municipios_de_la_provincia_de_Ciego_de_Ávila", "id": 4604600}, {"name": "Municipios_de_la_provincia_de_Granma", "id": 4605886}, {"name": "Municipio_especial_Isla_de_la_Juventud", "id": 8676671}, {"name": "Guantánamo", "id": 7492535}, {"name": "Municipios_de_Azua", "id": 7762996}, {"name": "Municipios_de_Santiago_(República_Dominicana)", "id": 7792613}, {"name": "Localidades_de_Chaguanas", "id": 10630595}, {"name": "Villas_de_Couva-Tabaquite-Talparo", "id": 10630610}, {"name": "Localidades_de_Couva-Tabaquite-Talparo", "id": 10630611}, {"name": "Localidades_de_Diego_Martín", "id": 10630629}, {"name": "Localidades_de_Mayaro-Rio_Claro", "id": 10645444}, {"name": "Localidades_de_Tunapuna-Piarco", "id": 10645431}, {"name": "Villas_de_Tunapuna-Piarco", "id": 10668580}, {"name": "Localidades_de_Princes_Town", "id": 10645435}, {"name": "Villas_de_Princes_Town", "id": 10645441}, {"name": "Localidades_de_Sangre_Grande", "id": 10645451}, {"name": "Localidades_de_Penal-Debe", "id": 10656026}, {"name": "Villas_de_Penal-Debe", "id": 10656031}, {"name": "Localidades_de_San_Juan-Laventille", "id": 10667971}]}