{"name": "Fiestas_por_país", "id": 692537, "predecessors": [{"name": "Fiestas", "id": 107935}, {"name": "Atracciones_turísticas", "id": 1688782}, {"name": "Cartografía", "id": 51115}, {"name": "Eventos", "id": 967311}], "successors": [{"name": "Fiestas_de_España", "id": 104959}, {"name": "Fiestas_de_Venezuela", "id": 518193}, {"name": "Fiestas_de_Argentina", "id": 692540}, {"name": "Fiestas_de_Italia", "id": 742330}, {"name": "Fiestas_de_Reino_Unido", "id": 749489}, {"name": "Fiestas_de_Japón", "id": 749491}, {"name": "Fiestas_de_Alemania", "id": 1781431}, {"name": "Fiestas_de_Bolivia", "id": 2235561}, {"name": "Fiestas_nacionales", "id": 2235588}, {"name": "Fiestas_de_Perú", "id": 2268967}, {"name": "Fiestas_de_Chile", "id": 2477129}, {"name": "Fiestas_de_Colombia", "id": 3476832}, {"name": "Fiestas_de_Uruguay", "id": 3723155}, {"name": "Fiestas_de_Estados_Unidos", "id": 4563040}, {"name": "Fiestas_de_India", "id": 5980057}, {"name": "Fiestas_de_Israel", "id": 7644537}, {"name": "Anexos:Días_festivos_por_país", "id": 10337499}, {"name": "Festivales_de_Francia", "id": 314764}, {"name": "Navidad_en_España", "id": 9012939}, {"name": "Navidad_en_Perú", "id": 10068737}, {"name": "Semana_Santa_en_Guatemala", "id": 6626612}]}