{"name": "Lugares_de_Buenos_Aires_con_nombres_de_personas", "id": 8274402, "predecessors": [{"name": "Localidades_de_la_provincia_de_Buenos_Aires", "id": 244932}, {"name": "Lugares_con_nombres_de_personas_de_Argentina", "id": 6042204}], "successors": [{"name": "Luján", "id": 1041370}, {"name": "San_Fernando_(Buenos_Aires)", "id": 1431511}, {"name": "Mercedes_(Buenos_Aires)", "id": 1535631}, {"name": "Carmen_de_Patagones", "id": 3618017}, {"name": "Partido_de_Lincoln", "id": 4586816}, {"name": "Partido_de_Alberti", "id": 4909072}, {"name": "Partido_de_Adolfo_Alsina", "id": 4912829}, {"name": "Partido_de_San_Vicente", "id": 4914306}, {"name": "Partido_de_Adolfo_Gonzales_Chaves", "id": 4914424}, {"name": "Partido_de_Almirante_Brown", "id": 4914469}, {"name": "Partido_de_Coronel_Suárez", "id": 4915085}, {"name": "Partido_de_Dolores", "id": 4916079}, {"name": "Partido_de_Zárate", "id": 4917373}, {"name": "Partido_de_Marcos_Paz", "id": 4920420}, {"name": "Partido_de_Campana", "id": 4920474}, {"name": "Partido_de_Lanús", "id": 4922232}, {"name": "Partido_de_Vicente_López", "id": 4922426}, {"name": "Partido_de_San_Miguel", "id": 4922582}, {"name": "Temperley", "id": 5782264}]}