{"name": "Capitales_de_estado_de_Brasil", "id": 8424879, "predecessors": [{"name": "Estados_de_Brasil", "id": 68772}, {"name": "Municipios_de_Brasil", "id": 1831025}, {"name": "Geografía_de_América_del_Sur", "id": 51518}], "successors": [{"name": "Porto_Alegre", "id": 1500273}, {"name": "Curitiba", "id": 1501087}, {"name": "Manaos", "id": 1501236}, {"name": "Florianópolis", "id": 1501255}, {"name": "Maceió", "id": 2788476}, {"name": "Belém", "id": 4764103}, {"name": "Cuiabá", "id": 4772299}, {"name": "Recife", "id": 4837719}, {"name": "São_Luís_(Maranhão)", "id": 4896939}, {"name": "Natal_(Río_Grande_del_Norte)", "id": 4897038}, {"name": "Teresina", "id": 4900909}, {"name": "Vitória_(Espírito_Santo)", "id": 4900980}, {"name": "João_Pessoa", "id": 4901016}, {"name": "Campo_Grande_(Mato_Grosso_del_Sur)", "id": 4932844}, {"name": "Fortaleza_(Ceará)", "id": 6278848}, {"name": "Boa_Vista_(Roraima)", "id": 7012896}, {"name": "Río_Branco_(Acre)", "id": 7015783}, {"name": "Deporte_en_Goiânia", "id": 8435557}, {"name": "Nacidos_en_Goiânia", "id": 9811509}]}