{"name": "日本の城", "id": 129867, "predecessors": [{"name": "日本の土木史", "id": 495825}, {"name": "日本の建築史", "id": 283741}, {"name": "日本の考古遺跡", "id": 338082}, {"name": "日本の観光地", "id": 168694}, {"name": "日本の軍事史", "id": 267232}, {"name": "日本の建築物", "id": 147366}, {"name": "用途別の建築物", "id": 2584862}], "successors": [{"name": "城下町", "id": 587815}, {"name": "陣屋", "id": 1159021}, {"name": "現存建築のある日本の城跡", "id": 1275236}, {"name": "城柵遺跡", "id": 1510901}, {"name": "日本100名城", "id": 2221453}, {"name": "古代山城", "id": 3232634}, {"name": "同名の城", "id": 3363261}, {"name": "御殿・御茶屋", "id": 3418381}, {"name": "続日本100名城", "id": 3628087}, {"name": "岐阜県の城", "id": 1117866}, {"name": "茨城県の城", "id": 1117870}, {"name": "島根県の城", "id": 1117872}, {"name": "東京都の城", "id": 1117877}, {"name": "兵庫県の城", "id": 1117879}, {"name": "和歌山県の城", "id": 1117880}, {"name": "埼玉県の城", "id": 1117950}, {"name": "長野県の城", "id": 1117957}, {"name": "北海道の城", "id": 1117959}, {"name": "青森県の城", "id": 1117960}, {"name": "秋田県の城", "id": 1117963}, {"name": "岩手県の城", "id": 1117967}, {"name": "宮城県の城", "id": 1117969}, {"name": "山形県の城", "id": 1117970}, {"name": "福島県の城", "id": 1117971}, {"name": "群馬県の城", "id": 1117973}, {"name": "栃木県の城", "id": 1117975}, {"name": "千葉県の城", "id": 1117976}, {"name": "神奈川県の城", "id": 1117977}, {"name": "静岡県の城", "id": 1117978}, {"name": "山梨県の城", "id": 1117979}, {"name": "新潟県の城", "id": 1117981}, {"name": "富山県の城", "id": 1117984}, {"name": "石川県の城", "id": 1117987}, {"name": "福井県の城", "id": 1117990}, {"name": "滋賀県の城", "id": 1117991}, {"name": "愛知県の城", "id": 1117993}, {"name": "三重県の城", "id": 1117995}, {"name": "奈良県の城", "id": 1117998}, {"name": "京都府の城", "id": 1118002}, {"name": "大阪府の城", "id": 1118004}, {"name": "鳥取県の城", "id": 1118005}, {"name": "岡山県の城", "id": 1118006}, {"name": "広島県の城", "id": 1118008}, {"name": "山口県の城", "id": 1118012}, {"name": "愛媛県の城", "id": 1118014}, {"name": "香川県の城", "id": 1118017}, {"name": "徳島県の城", "id": 1118019}, {"name": "高知県の城", "id": 1118020}, {"name": "宮崎県の城", "id": 1118023}, {"name": "大分県の城", "id": 1118024}, {"name": "福岡県の城", "id": 1118025}, {"name": "佐賀県の城", "id": 1118027}, {"name": "長崎県の城", "id": 1118029}, {"name": "熊本県の城", "id": 1118030}, {"name": "鹿児島県の城", "id": 1118032}, {"name": "沖縄県の城", "id": 1118034}, {"name": "日本の都道府県別の城一覧", "id": 1571960}, {"name": "陸奥国の城", "id": 4714468}, {"name": "出羽国の城", "id": 4726229}, {"name": "常陸国の城", "id": 4732839}, {"name": "下総国の城", "id": 4732849}, {"name": "下野国の城", "id": 4732962}, {"name": "上野国の城", "id": 4735698}, {"name": "武蔵国の城", "id": 4736573}, {"name": "上総国の城", "id": 4736682}, {"name": "相模国の城", "id": 4739154}, {"name": "越後国の城", "id": 4739275}, {"name": "越中国の城", "id": 4739349}, {"name": "越前国の城", "id": 4739732}, {"name": "甲斐国の城", "id": 4740009}, {"name": "信濃国の城", "id": 4740019}, {"name": "美濃国の城", "id": 4743325}, {"name": "飛騨国の城", "id": 4743338}, {"name": "尾張国の城", "id": 4743685}, {"name": "遠江国の城", "id": 4743989}, {"name": "駿河国の城", "id": 4743990}, {"name": "三河国の城", "id": 4744111}, {"name": "紀伊国の城", "id": 4745848}, {"name": "伊勢国の城", "id": 4745894}, {"name": "近江国の城", "id": 4746096}, {"name": "山城国の城", "id": 4746153}, {"name": "丹波国の城", "id": 4746157}, {"name": "摂津国の城", "id": 4746169}, {"name": "河内国の城", "id": 4746400}, {"name": "大和国の城", "id": 4746423}, {"name": "播磨国の城", "id": 4746432}, {"name": "伯耆国の城", "id": 4747222}, {"name": "因幡国の城", "id": 4747223}, {"name": "出雲国の城", "id": 4747639}, {"name": "備中国の城", "id": 4749390}, {"name": "備前国の城", "id": 4749391}, {"name": "備後国の城", "id": 4749600}, {"name": "安芸国の城", "id": 4749602}, {"name": "阿波国の城", "id": 4749856}, {"name": "讃岐国の城", "id": 4750096}, {"name": "伊予国の城", "id": 4750099}, {"name": "土佐国の城", "id": 4750199}, {"name": "筑前国の城", "id": 4750216}, {"name": "筑後国の城", "id": 4750217}, {"name": "肥前国の城", "id": 4750358}, {"name": "肥後国の城", "id": 4751056}, {"name": "豊後国の城", "id": 4753580}, {"name": "日向国の城", "id": 4753953}]}