{"name": "日本で製作された映画作品", "id": 4439387, "predecessors": [{"name": "日本の映画", "id": 305200}, {"name": "映像作品", "id": 801290}], "successors": [{"name": "東京都で製作された映画作品", "id": 4452355}, {"name": "神奈川県で製作された映画作品", "id": 4452357}, {"name": "千葉県で製作された映画作品", "id": 4452362}, {"name": "静岡県で製作された映画作品", "id": 4452363}, {"name": "茨城県で製作された映画作品", "id": 4452367}, {"name": "群馬県で製作された映画作品", "id": 4452368}, {"name": "北海道で製作された映画作品", "id": 4452374}, {"name": "埼玉県で製作された映画作品", "id": 4452385}, {"name": "新潟県で製作された映画作品", "id": 4452386}, {"name": "大阪府で製作された映画作品", "id": 4452390}, {"name": "京都府で製作された映画作品", "id": 4452400}, {"name": "三重県で製作された映画作品", "id": 4452411}, {"name": "山梨県で製作された映画作品", "id": 4452426}, {"name": "奈良県で製作された映画作品", "id": 4452433}, {"name": "長野県で製作された映画作品", "id": 4452438}, {"name": "香川県で製作された映画作品", "id": 4452442}, {"name": "愛媛県で製作された映画作品", "id": 4452446}, {"name": "広島県で製作された映画作品", "id": 4452447}, {"name": "愛知県で製作された映画作品", "id": 4452453}, {"name": "富山県で製作された映画作品", "id": 4452462}, {"name": "福岡県で製作された映画作品", "id": 4452465}, {"name": "長崎県で製作された映画作品", "id": 4452466}, {"name": "山口県で製作された映画作品", "id": 4452467}, {"name": "兵庫県で製作された映画作品", "id": 4452476}, {"name": "栃木県で製作された映画作品", "id": 4452499}, {"name": "滋賀県で製作された映画作品", "id": 4452609}, {"name": "和歌山県で製作された映画作品", "id": 4452674}, {"name": "岩手県で製作された映画作品", "id": 4452675}, {"name": "島根県で製作された映画作品", "id": 4452681}, {"name": "福井県で製作された映画作品", "id": 4452775}, {"name": "福島県で製作された映画作品", "id": 4452776}, {"name": "鹿児島県で製作された映画作品", "id": 4452781}, {"name": "山形県で製作された映画作品", "id": 4452782}, {"name": "沖縄県で製作された映画作品", "id": 4452783}, {"name": "高知県で製作された映画作品", "id": 4452786}, {"name": "秋田県で製作された映画作品", "id": 4452788}, {"name": "石川県で製作された映画作品", "id": 4452789}, {"name": "大分県で製作された映画作品", "id": 4452792}, {"name": "青森県で製作された映画作品", "id": 4452794}, {"name": "岡山県で製作された映画作品", "id": 4452796}, {"name": "岐阜県で製作された映画作品", "id": 4452798}, {"name": "熊本県で製作された映画作品", "id": 4452800}, {"name": "佐賀県で製作された映画作品", "id": 4452801}, {"name": "徳島県で製作された映画作品", "id": 4452805}, {"name": "宮城県で製作された映画作品", "id": 4452851}, {"name": "仙台市で製作された映画作品", "id": 4629191}, {"name": "足利市で製作された映画作品", "id": 4629203}, {"name": "宇都宮市で製作された映画作品", "id": 4629205}, {"name": "神戸市で製作された映画作品", "id": 4635606}, {"name": "姫路市で製作された映画作品", "id": 4635860}, {"name": "藤沢市で製作された映画作品", "id": 4639425}, {"name": "横浜市で製作された映画作品", "id": 4639427}, {"name": "名古屋市で製作された映画作品", "id": 4641734}, {"name": "御殿場市で製作された映画作品", "id": 4644737}, {"name": "千葉市で製作された映画作品", "id": 4645076}, {"name": "南房総市で製作された映画作品", "id": 4645077}, {"name": "鋸南町で製作された映画作品", "id": 4645965}, {"name": "相模原市で製作された映画作品", "id": 4647361}, {"name": "笠間市で製作された映画作品", "id": 4648165}, {"name": "つくばみらい市で製作された映画作品", "id": 4648166}, {"name": "常総市で製作された映画作品", "id": 4648167}, {"name": "水戸市で製作された映画作品", "id": 4648169}, {"name": "つくば市で製作された映画作品", "id": 4648862}, {"name": "京都市で製作された映画作品", "id": 4653698}, {"name": "鶴岡市で製作された映画作品", "id": 4654390}, {"name": "川崎市で製作された映画作品", "id": 4654880}, {"name": "鎌倉市で製作された映画作品", "id": 4654883}, {"name": "北九州市で製作された映画作品", "id": 4665486}, {"name": "福岡市で製作された映画作品", "id": 4665495}, {"name": "武蔵野市で製作された映画作品", "id": 4667298}, {"name": "東京都府中市で製作された映画作品", "id": 4667313}, {"name": "八王子市で製作された映画作品", "id": 4667314}, {"name": "立川市で製作された映画作品", "id": 4667374}, {"name": "調布市で製作された映画作品", "id": 4667376}, {"name": "多摩市で製作された映画作品", "id": 4667415}, {"name": "日野市で製作された映画作品", "id": 4667416}, {"name": "長野市で製作された映画作品", "id": 4670325}, {"name": "上田市で製作された映画作品", "id": 4670326}, {"name": "松本市で製作された映画作品", "id": 4670330}, {"name": "高崎市で製作された映画作品", "id": 4672655}, {"name": "前橋市で製作された映画作品", "id": 4672670}, {"name": "横須賀市で製作された映画作品", "id": 4673099}, {"name": "函館市で製作された映画作品", "id": 4674223}, {"name": "市川市で製作された映画作品", "id": 4674907}, {"name": "木更津市で製作された映画作品", "id": 4674917}, {"name": "船橋市で製作された映画作品", "id": 4675730}, {"name": "松戸市で製作された映画作品", "id": 4675731}, {"name": "浜松市で製作された映画作品", "id": 4675944}, {"name": "小山町で製作された映画作品", "id": 4675945}, {"name": "島田市で製作された映画作品", "id": 4675947}, {"name": "牧之原市で製作された映画作品", "id": 4675948}]}