{"name": "أفلام_مصورة_في_الولايات_المتحدة", "id": 761686, "predecessors": [{"name": "الترفيه_في_الولايات_المتحدة", "id": 967434}, {"name": "سينما_أمريكية", "id": 103931}, {"name": "أماكن", "id": 615173}, {"name": "إعلام_الولايات_المتحدة", "id": 1986601}], "successors": [{"name": "أفلام_مصورة_في_ولاية_نيويورك", "id": 768269}, {"name": "أفلام_مصورة_في_رود_آيلاند", "id": 768270}, {"name": "أفلام_مصورة_في_كونيتيكت", "id": 772086}, {"name": "أفلام_مصورة_في_كارولينا_الشمالية", "id": 819254}, {"name": "أفلام_مصورة_في_أريزونا", "id": 1102980}, {"name": "أفلام_مصورة_في_نيومكسيكو", "id": 1102982}, {"name": "أفلام_مصورة_في_تكساس", "id": 1102983}, {"name": "أفلام_مصورة_في_فلوريدا", "id": 1312344}, {"name": "أفلام_مصورة_في_يوتا", "id": 1312350}, {"name": "أفلام_مصورة_في_نيفادا", "id": 1312353}, {"name": "أفلام_مصورة_في_كاليفورنيا", "id": 1312355}, {"name": "أفلام_مصورة_في_هاواي", "id": 1439882}, {"name": "أفلام_مصورة_في_لوس_أنجلوس_(كاليفورنيا)", "id": 1571052}, {"name": "أفلام_مصورة_في_ولاية_جورجيا", "id": 1743251}, {"name": "أفلام_مصورة_في_ميشيغان", "id": 1822529}, {"name": "أفلام_مصورة_في_أوكلاهوما", "id": 1839964}, {"name": "أفلام_مصورة_في_بورتوريكو", "id": 1965934}, {"name": "أفلام_تقع_أحداثها_في_ألاسكا", "id": 2009980}, {"name": "أفلام_تقع_أحداثها_في_ماساتشوستس", "id": 2009987}, {"name": "أفلام_تقع_أحداثها_في_واشنطن", "id": 2009993}, {"name": "أفلام_مصورة_في_وايومنغ", "id": 2089025}, {"name": "أفلام_مصورة_في_ويسكونسن", "id": 2089026}, {"name": "أفلام_مصورة_في_فرجينيا_الغربية", "id": 2089027}, {"name": "أفلام_مصورة_في_واشنطن_العاصمة", "id": 2089028}, {"name": "أفلام_مصورة_في_كانساس", "id": 2089029}, {"name": "أفلام_مصورة_في_فيرمونت", "id": 2089221}, {"name": "أفلام_مصورة_في_الجزر_العذراء_الأمريكية", "id": 2089222}, {"name": "أفلام_مصورة_في_فرجينيا", "id": 2089223}, {"name": "أفلام_مصورة_في_تينيسي", "id": 2089224}, {"name": "أفلام_مصورة_في_داكوتا_الجنوبية", "id": 2089225}, {"name": "أفلام_مصورة_في_ماين", "id": 2089235}, {"name": "أفلام_مصورة_في_ميريلاند", "id": 2089236}, {"name": "أفلام_مصورة_في_مينيسوتا", "id": 2089237}, {"name": "أفلام_مصورة_في_أوهايو", "id": 2089238}, {"name": "أفلام_مصورة_في_ميسيسبي", "id": 2089239}, {"name": "أفلام_مصورة_في_ميزوري", "id": 2089245}, {"name": "أفلام_مصورة_في_ألاباما", "id": 2089246}, {"name": "أفلام_مصورة_في_بنسلفانيا", "id": 2089247}, {"name": "أفلام_مصورة_في_ألاسكا", "id": 2089248}, {"name": "أفلام_مصورة_في_كولورادو", "id": 2089249}, {"name": "أفلام_مصورة_في_ماساتشوستس", "id": 2117998}, {"name": "أفلام_مصورة_في_نيو_جيرسي", "id": 2257540}, {"name": "أفلام_مصورة_في_واشنطن_(ولاية)", "id": 2275428}, {"name": "أفلام_مصورة_في_أوريغن", "id": 2275435}, {"name": "أفلام_تقع_أحداثها_في_ويسكونسن", "id": 2294274}, {"name": "أفلام_مصورة_في_أيداهو", "id": 2406485}, {"name": "أفلام_مصورة_في_بالتيمور_(ماريلاند)", "id": 2508877}, {"name": "أفلام_مصورة_في_شيكاغو_(إلينوي)", "id": 2508888}, {"name": "أفلام_مصورة_في_نيو_أورلينز", "id": 2508903}, {"name": "أفلام_مصورة_في_إنديانا", "id": 2812334}, {"name": "أفلام_مصورة_في_لويزيانا", "id": 2899694}, {"name": "أفلام_مصورة_في_أيوا", "id": 2929220}, {"name": "أفلام_مصورة_في_كونيكتيكت", "id": 3079806}, {"name": "أفلام_مصورة_في_إلينوي", "id": 3916625}, {"name": "أفلام_مصورة_في_أركنساس", "id": 3989287}, {"name": "أفلام_مصورة_في_ديلوير", "id": 3996525}, {"name": "أفلام_مصورة_في_مونتانا", "id": 4049797}, {"name": "أفلام_مصورة_في_كارولاينا_الجنوبية", "id": 4049880}, {"name": "أفلام_مصورة_في_نيوهامشير", "id": 4058919}, {"name": "أفلام_مصورة_في_نبراسكا", "id": 4058984}, {"name": "أفلام_مصورة_في_كنتاكي", "id": 4154600}, {"name": "مقاطع_فيديو_موسيقية_مصورة_في_الولايات_المتحدة", "id": 8824932}, {"name": "أفلام_مصورة_في_لاس_فيغاس", "id": 1312359}, {"name": "أفلام_مصورة_في_مدينة_نيويورك", "id": 1897122}, {"name": "أفلام_مصورة_في_أوستن_(تكساس)", "id": 2294192}, {"name": "أفلام_مصورة_في_سان_أنتونيو_(تكساس)", "id": 2805343}, {"name": "أفلام_مصورة_في_سان_فرانسيسكو", "id": 2835149}, {"name": "أفلام_مصورة_في_كليفلاند", "id": 3406727}, {"name": "أفلام_مصورة_في_أتالانتا", "id": 3884583}, {"name": "أفلام_مصورة_في_دالاس", "id": 3939900}, {"name": "أفلام_مصورة_في_فيلادلفيا", "id": 3942039}, {"name": "أفلام_مصورة_في_هيوستن_(تكساس)", "id": 3954987}, {"name": "أفلام_مصورة_في_سولت_ليك_(مدينة)", "id": 3992704}, {"name": "أفلام_مصورة_في_ساكرامنتو_(كاليفورنيا)", "id": 3992846}, {"name": "أفلام_مصورة_في_سان_دييغو_(كاليفورنيا)", "id": 3992856}, {"name": "أفلام_مصورة_في_موبيل_(ألاباما)", "id": 3993102}, {"name": "أفلام_مصورة_في_هونولولو", "id": 3993268}, {"name": "أفلام_مصورة_في_بوفالو_(نيويورك)", "id": 4047604}, {"name": "أفلام_مصورة_في_ميامي", "id": 4080787}, {"name": "أفلام_مصورة_في_إل_باسو_(تكساس)", "id": 4204103}, {"name": "أفلام_مصورة_في_اتلانتيك_سيتي", "id": 4206416}, {"name": "أفلام_مصورة_في_جاكسونفيل_(فلوريدا)", "id": 4208035}, {"name": "أفلام_مصورة_في_ديترويت", "id": 4244413}, {"name": "أفلام_مصورة_في_أستوريا", "id": 4339149}, {"name": "أفلام_مصورة_في_بورتلاند_(أوريغون)", "id": 4339150}, {"name": "أفلام_مصورة_في_بوسطن", "id": 4488801}, {"name": "أفلام_مصورة_في_سينت_لويس", "id": 4985627}, {"name": "أفلام_مصورة_في_نيوآرك_(نيو_جيرسي)", "id": 5239582}, {"name": "أفلام_مصورة_في_سافانا_(جورجيا)", "id": 7270323}, {"name": "أفلام_مصورة_في_بيتسبرغ", "id": 7288984}, {"name": "أفلام_مصورة_في_لوس_أنجلوس", "id": 7394902}, {"name": "أفلام_مصورة_في_سياتل", "id": 7446151}, {"name": "أفلام_مصورة_في_توسان_(أريزونا)", "id": 8659394}, {"name": "أفلام_مصورة_في_سينسيناتي", "id": 9006112}, {"name": "أفلام_مصورة_في_روما_(جورجيا)", "id": 9208401}, {"name": "أفلام_مصورة_في_مقاطعة_لوس_أنجلوس", "id": 7254070}, {"name": "أفلام_مصورة_في_مقاطعة_فينتورا_(كاليفورنيا)", "id": 8433680}, {"name": "أفلام_مصورة_في_استديوهات_ياينوود_أتلانتا", "id": 7299685}]}